index,item_id,map_id
4140,B01C82SZRM,4140
3379,B00R73MC1S,3379
530,B000KBU66W,530
1751,B006RBAU74,1751
1215,B003JQJQQ6,1215
1691,B0064ODVLG,1691
2986,B00K80M79Y,2986
3372,B00R1ISK8I,3372
2553,B00EQI9K9O,2553
3550,B00WEBZWGU,3550
2325,B00CEK2TNU,2325
562,B000LNS25Q,562
2291,B00C45208O,2291
3467,B00TQ7DQU4,3467
3698,B0118XCKTG,3698
1629,B005TIKPQW,1629
336,B000BZX92K,336
253,B000AZ546U,253
1657,B005Z4QVZ4,1657
1014,B001R68H9W,1014
4368,B01H2SH92Y,4368
1007,B001QRRDJM,1007
3005,B00KLQB6BK,3005
2385,B00CVZ4134,2385
629,B000OMFLD0,629
4236,B01E7D9BNC,4236
2932,B00JG31KBA,2932
1614,B005QSMEK0,1614
214,B0007KQUMK,214
309,B000BQPAFI,309
4345,B01GD8LCFO,4345
2782,B00HUBZO7Q,2782
4355,B01GNWA6JI,4355
3989,B018OCOROU,3989
3899,B016X3TL7K,3899
2739,B00H3Q6KOY,2739
3673,B010LDZKN2,3673
4370,B01H3DNKYY,4370
2666,B00G9R07WO,2666
4371,B01H3IIE40,4371
2813,B00I5HRFSU,2813
4336,B01G6VMS9C,4336
3061,B00LK51PDK,3061
282,B000BOB8P6,282
2945,B00JKPZONO,2945
3144,B00MF03LAE,3144
2965,B00JRBQJ6W,2965
2659,B00G6U5H1U,2659
3470,B00TS7TYXA,3470
1520,B005B7A0Z2,1520
2368,B00CR8ZRC4,2368
3586,B00XN4111W,3586
3745,B013QBEWEO,3745
1443,B0050RMTUC,1443
3561,B00WW6RGLG,3561
587,B000MVZ020,587
3672,B010LDZKM8,3672
3721,B012BNXIH0,3721
1683,B0064H0MVK,1683
2367,B00CR8ZRBU,2367
2886,B00IZFQ5E2,2886
1537,B005FH2O6G,1537
1514,B00598DJDI,1514
1741,B006O93GLQ,1741
4004,B0192F97J8,4004
3160,B00MMUXP4E,3160
641,B000OWAYVY,641
3886,B016EOKTWO,3886
2254,B00BMANPA4,2254
1772,B006UKICMW,1772
1147,B002WJHEHY,1147
3012,B00KNUCB4A,3012
2354,B00CO9VLLW,2354
1590,B005MSHFDU,1590
593,B000N3209S,593
3116,B00MA6JG3O,3116
2522,B00ED150S4,2522
1637,B005V9UU0A,1637
2273,B00BW7MK0S,2273
2414,B00D8FUM8E,2414
3922,B017GUBHDK,3922
2978,B00K50428Q,2978
2531,B00EEIG4K4,2531
3060,B00LIE9T5Y,3060
3363,B00QRR2XL4,3363
4310,B01FI6IKG6,4310
1831,B007B2AES8,1831
3293,B00OMOK186,3293
3250,B00NQ36MBY,3250
2869,B00IRIR8FW,2869
3702,B011BLH4GE,3702
2446,B00DN1BU52,2446
3254,B00NSGDY2E,3254
4074,B01APP1EXG,4074
188,B0002ZPEWC,188
1616,B005R8580M,1616
3132,B00ME7NHJ8,3132
4182,B01CWJ02QI,4182
2830,B00IB0ZJXE,2830
3484,B00UHJ6QCA,3484
3757,B0140VT4KG,3757
3054,B00LH0SCO8,3054
3930,B017KUC6XQ,3930
1082,B0029XJANE,1082
4179,B01CUPV90M,4179
2572,B00EZBDOGM,2572
2120,B00AEXKR4C,2120
2469,B00DVOVGW8,2469
975,B001MKBAPQ,975
3764,B0146DJWFU,3764
3464,B00TL1A4E6,3464
777,B0013CCCAK,777
2942,B00JJ46OZI,2942
4086,B01B5KQ8DQ,4086
2442,B00DM8J3MI,2442
612,B000NI5D06,612
1296,B0043XX89K,1296
697,B000TGSPV6,697
421,B000GP05VS,421
2550,B00EPQMFWQ,2550
2710,B00GS8W3T4,2710
3924,B017IEN2O6,3924
3653,B00ZZRI0DC,3653
1786,B006Z95LVI,1786
4019,B0199R9WH6,4019
3147,B00MFRZ2SG,3147
1694,B0064OFP88,1694
1367,B004NW96BK,1367
3816,B015A3DRO2,3816
3593,B00XX8XPCQ,3593
3823,B015I1CVRK,3823
3113,B00M78245C,3113
4126,B01C2FWYAO,4126
3710,B011PVIMPW,3710
26,B00004TBJD,26
3707,B011LVVIS4,3707
4172,B01CRVL95E,4172
1179,B003BDW2SG,1179
2911,B00J25JDDY,2911
1952,B0088ARCUU,1952
345,B000CSIBCO,345
1138,B002U42VW4,1138
2527,B00EDMCFAE,2527
1578,B005L90NA2,1578
1923,B00835NI9E,1923
1112,B002JFYIV6,1112
2884,B00IYFOIYW,2884
4249,B01EJL4T3Y,4249
3584,B00XJAX1RC,3584
2655,B00G2E6UZC,2655
2583,B00F3IXF9M,2583
4095,B01BDL4NKM,4095
3498,B00UWVZAY8,3498
1328,B004DBQ0D8,1328
831,B0018MGRQU,831
2,B0000223UV,2
3118,B00MAZFQ7A,3118
1353,B004LPZ42Y,1353
2351,B00CNVDTRK,2351
1200,B003GSKZLW,1200
2182,B00AWS3HS2,2182
2104,B00A7I5IP2,2104
1145,B002WC8TPW,1145
2258,B00BP36BG8,2258
748,B0011Z82YO,748
1319,B004BKIYYY,1319
3890,B016LQLD4S,3890
3643,B00ZBGDR1W,3643
2306,B00C8SOF0S,2306
774,B0013B1XHE,774
3063,B00LKQBHVO,3063
1302,B0045I8E4M,1302
1033,B001VE99X8,1033
1881,B007PP26RI,1881
3086,B00LVPDBA4,3086
3081,B00LT1OYKQ,3081
2496,B00E6BD0G0,2496
1305,B00466J4FQ,1305
412,B000FW7UOM,412
1066,B0025QI4XC,1066
2175,B00AW17SNO,2175
708,B000UV6ZPS,708
2111,B00AA5AH62,2111
3385,B00RDILWTK,3385
3016,B00KPEEPAW,3016
3834,B015I1DAXE,3834
2463,B00DVBPKB4,2463
4349,B01GG1F006,4349
3167,B00MN5X304,3167
3329,B00PNEQ9T4,3329
3423,B00SPMDFPW,3423
2973,B00K1JU51O,2973
3532,B00W0YUV1W,3532
2679,B00GGJ4X9S,2679
1579,B005LDBD1G,1579
144,B0002APRLA,144
3976,B018F5878I,3976
4059,B01ABPUGH0,4059
3111,B00M4D0IPS,3111
1752,B006RBB3AC,1752
68,B00004Z4DS,68
2840,B00IEVE4MC,2840
3991,B018QNM7V2,3991
553,B000LGPD64,553
848,B0019ZDHVY,848
34,B00004WLKA,34
3178,B00MV7T0KQ,3178
3802,B014Y0VGOU,3802
1148,B002WJHEJ2,1148
3125,B00ME76OHA,3125
1325,B004CR4OP4,1325
1432,B004ZN7YCK,1432
99,B0000DCZKA,99
4105,B01BO4R44A,4105
3104,B00M1GJP1Q,3104
1516,B005A16ZGC,1516
1382,B004SS8AMU,1382
707,B000UUX7VO,707
1108,B002IPH5JO,1108
1490,B0055DZ3EK,1490
3894,B016R3GLB0,3894
1217,B003JY7LBU,1217
2833,B00ID7E5VM,2833
2310,B00CAG22C6,2310
496,B000I6JJHG,496
2326,B00CEK3A74,2326
111,B0000DD5EN,111
4181,B01CV49CZQ,4181
1125,B002P50DS2,1125
2735,B00H1O0WOM,2735
2848,B00IIDY49E,2848
4119,B01BYDLC26,4119
3814,B015A3AAEC,3814
2525,B00ED2F0EC,2525
4250,B01EJLT8RG,4250
2293,B00C58N9O4,2293
1103,B002EE6C3Y,1103
2539,B00EKQ7FZI,2539
3442,B00T3BJJK4,3442
3039,B00L4RCTDE,3039
2644,B00FX6ZQDM,2644
4369,B01H35YR7Q,4369
2859,B00IN9S9H6,2859
1711,B00689V41G,1711
2825,B00IAM1UEU,2825
37,B00004WLKT,37
1273,B003ZZWG5E,1273
3872,B0166I8IU8,3872
3784,B014QNXK6C,3784
4098,B01BHAA96G,4098
3699,B0119B3SQQ,3699
4380,B01HCFJC0Y,4380
154,B0002FUOR2,154
2180,B00AWLQI4Y,2180
3862,B0161V0024,3862
3155,B00MKOIBXM,3155
3485,B00UI40VKM,3485
4097,B01BEE86II,4097
202,B0006BBYP8,202
1570,B005JRJFQY,1570
660,B000QC0XZO,660
316,B000BQUI7S,316
2563,B00EUKHACW,2563
3014,B00KO9DF9K,3014
3902,B016XMJ1XK,3902
1311,B0047XXZ7Q,1311
576,B000MAJ18A,576
770,B0013AV7L2,770
2438,B00DKDNLX2,2438
1803,B0074VCMFE,1803
1357,B004M1BO3U,1357
3851,B015VY056I,3851
2985,B00K80KTR6,2985
3072,B00LOAXJJE,3072
199,B00065UD3S,199
1920,B00835GGHU,1920
3522,B00VKSJGOM,3522
4073,B01AP2DNVK,4073
4076,B01AR7YJ3O,4076
245,B0009XB4O4,245
3794,B014VM96UM,3794
866,B001AQEZ2W,866
962,B001KGSJ74,962
1122,B002O16SHW,1122
2378,B00CTEA942,2378
4189,B01CY0YPYU,4189
124,B000132VDA,124
2907,B00J25JCLC,2907
2958,B00JQK50P0,2958
749,B00125PR5A,749
297,B000BQKBCK,297
1400,B004UZCMRK,1400
3100,B00M0CS6HA,3100
574,B000M7RZG8,574
3186,B00MVIQ2XS,3186
488,B000I1EC3C,488
434,B000H9FW6Q,434
4000,B018XJ3E02,4000
1359,B004MDM8NS,1359
1456,B0051VC7CW,1456
3639,B00ZB48M8C,3639
2992,B00KG8DNKU,2992
2879,B00IYC60IM,2879
1004,B001Q90068,1004
745,B0011G20QY,745
1001,B001PZF7J8,1001
1506,B0058ED2NA,1506
2097,B00A20KO18,2097
2240,B00BGCC9JQ,2240
3796,B014VM98DC,3796
2647,B00FXN0IXS,2647
28,B00004THYY,28
601,B000NG61S6,601
114,B0000DD5H1,114
1695,B0064OGEZG,1695
1571,B005JRZJBO,1571
2510,B00E8JRBX8,2510
1708,B0066DSTOE,1708
1562,B005HQ4QTI,1562
667,B000QWK174,667
3020,B00KRZY7PW,3020
3554,B00WLI5G7G,3554
3207,B00N51OJJ4,3207
2226,B00B95QUMW,2226
450,B000H9JWTE,450
2303,B00C7XAJMW,2303
898,B001CX4JSS,898
448,B000H9JGFE,448
52,B00004YYD8,52
77,B00005JRLF,77
703,B000ULYEGK,703
1663,B005Z4SBZW,1663
894,B001CGVEXS,894
1118,B002NQB63E,1118
119,B0000WU3U0,119
2791,B00HWROGHW,2791
3915,B017DE46SC,3915
3965,B0185P4MVO,3965
1454,B0051QUOO0,1454
917,B001EJOPUC,917
1718,B006EGAIII,1718
543,B000KZUTDS,543
1123,B002OS6D9I,1123
2921,B00JCFPODM,2921
2458,B00DUVLFK0,2458
1117,B002NG1GWU,1117
4317,B01FL49VZE,4317
4299,B01F6B6R1S,4299
571,B000M2SQ98,571
2154,B00ARK0ROC,2154
1076,B002712D00,1076
3358,B00QGX9LV4,3358
2933,B00JGB04UA,2933
3338,B00PVI46P6,3338
468,B000HBFMD2,468
2803,B00I2BA8KG,2803
2242,B00BGWRYIW,2242
1065,B0025PZSSM,1065
4166,B01CNP3CUO,4166
4213,B01DOL1IWA,4213
3130,B00ME7E5X0,3130
2481,B00DZFHLL8,2481
1624,B005T8PL1Q,1624
1056,B0022AO92Q,1056
2956,B00JQK4UD8,2956
3624,B00YSPN7Q2,3624
2102,B00A4YQR5E,2102
3782,B014OO5KQG,3782
1707,B00667OJA8,1707
2616,B00FGEERJ0,2616
1535,B005F5KYM4,1535
1817,B0078QQNA0,1817
834,B0018RRNBS,834
2858,B00IN8TJYY,2858
3625,B00YSPP5A8,3625
1970,B008EOXXYO,1970
3327,B00PLMLHXQ,3327
3127,B00ME7B4KM,3127
3914,B017CN9D1E,3914
2282,B00BZ9YU88,2282
3547,B00W97A674,3547
646,B000P765KC,646
2160,B00ATNJH20,2160
3410,B00SBYYQ7K,3410
3350,B00Q6ZEE9Q,3350
1793,B0070YYLHC,1793
1372,B004P4SGBC,1372
1549,B005GO5C3K,1549
3667,B010L13CDE,3667
3433,B00SUYVLYC,3433
2473,B00DWPV2SO,2473
2181,B00AWM3UY4,2181
603,B000NHNWK0,603
3558,B00WW141TG,3558
1948,B0087X7262,1948
105,B0000DD1EE,105
3238,B00NKY3M1W,3238
3249,B00NPZ8TXM,3249
1589,B005MN8FPW,1589
4315,B01FJS19C0,4315
3530,B00VWJVI36,3530
3311,B00P6VBXEA,3311
3157,B00MMHUYGE,3157
709,B000UVMKO8,709
4309,B01FHQ3V52,4309
2557,B00ESMZXRG,2557
2603,B00FEDHHKE,2603
2059,B009IS73I2,2059
647,B000P8VTNY,647
1282,B0040Z6OK6,1282
714,B000VKJAAU,714
1768,B006UKIAJW,1768
3195,B00N1XCA8S,3195
3319,B00PFXK4JY,3319
2113,B00AA5AIN4,2113
2127,B00AGKA9IC,2127
761,B0012YO0Z4,761
1096,B002BYOG30,1096
407,B000FPDELM,407
2887,B00IZYL7IW,2887
1582,B005LL3ZXW,1582
3725,B012V3U3KK,3725
241,B0009WD1L4,241
1769,B006UKIASI,1769
1889,B007T6XNCA,1889
3597,B00Y01TJ6G,3597
935,B001G615SS,935
251,B000AVJJZ6,251
2309,B00CA5PH4W,2309
3096,B00M0CS472,3096
3697,B0118UX732,3697
3177,B00MUT58Y2,3177
3849,B015VGJGPW,3849
3287,B00OHUPMM0,3287
3992,B018R2ONH8,3992
3837,B015K4DKNY,3837
2018,B0094GRZPE,2018
3592,B00XX8XFDK,3592
265,B000BDB95G,265
2054,B009GGUIK6,2054
2711,B00GSE2S98,2711
2257,B00BNI6U52,2257
915,B001EDK0WK,915
1780,B006XGK05A,1780
2748,B00H8MXASM,2748
408,B000FSIV6M,408
1949,B0087YI1KW,1949
4287,B01F2LFVYQ,4287
2131,B00AK6Q5HQ,2131
276,B000BO6NY2,276
4016,B0197CCUIG,4016
359,B000E9ZKDY,359
1864,B007KDX64C,1864
554,B000LGT0GI,554
1247,B003XFPV80,1247
4027,B019F8BXHQ,4027
3324,B00PKVSQX2,3324
706,B000UTTIW2,706
1255,B003YL45B2,1255
2051,B009F1HA4O,2051
3208,B00N51OJNK,3208
159,B0002MQEW4,159
611,B000NI5CJ8,611
1168,B00385LJAY,1168
1025,B001TQPM6Q,1025
2274,B00BX49P8K,2274
2872,B00IT0APVM,2872
575,B000MAEWI4,575
1957,B008AGUOIY,1957
2462,B00DVBLKZE,2462
2805,B00I3P92YO,2805
1249,B003XXE0RA,1249
1269,B003ZZUJSK,1269
3609,B00YL1GSI2,3609
3382,B00RC0MASG,3382
1032,B001V9WY0S,1032
4331,B01G34WWCK,4331
1992,B008TSZALY,1992
3574,B00XAK7E6A,3574
2144,B00APD16D2,2144
1546,B005GDFXJ4,1546
3937,B017MYK9XO,3937
329,B000BVXW9E,329
405,B000FP83PE,405
1555,B005H3AHMG,1555
1077,B00275KU2O,1077
156,B0002KR7EK,156
3602,B00YCEZJW4,3602
672,B000RB32QQ,672
1008,B001QRSBW0,1008
4375,B01H5PX6KI,4375
480,B000HMBUE6,480
393,B000FMWW8G,393
1233,B003PGRQSK,1233
3984,B018KZBN4I,3984
1850,B007GBZ952,1850
456,B000H9LIIW,456
3117,B00MA9DW72,3117
736,B001009SLG,736
3361,B00QRELG56,3361
4083,B01B3SJRCY,4083
2088,B009Z9SLTE,2088
4201,B01D9KH33E,4201
4360,B01GVQDRVU,4360
4274,B01ESUAK70,4274
3575,B00XBLLG5S,3575
2080,B009VSFZDO,2080
3946,B017QWK284,3946
1974,B008FZAP4S,1974
2558,B00ESXX74G,2558
1587,B005MJFYXM,1587
4096,B01BECQF6K,4096
2265,B00BSR98KW,2265
2548,B00EPQAE88,2548
4010,B0195V41QS,4010
2759,B00HFLQIQM,2759
4075,B01AQ94ERY,4075
3919,B017EOLGJI,3919
1958,B008AK67M2,1958
2374,B00CS5I4FI,2374
3719,B012ACSC1O,3719
1838,B007C5IH4C,1838
1078,B0027Z6CY4,1078
3508,B00V8JRD3E,3508
800,B0015DLMOO,800
220,B0008G1YGA,220
498,B000IJYRDE,498
2506,B00E8JO20I,2506
327,B000BVXVS6,327
1591,B005MZ6ZX4,1591
2751,B00H8TIEHW,2751
2218,B00B7421BE,2218
2141,B00AOJPPJS,2141
1710,B00682RO76,1710
4057,B01A9KIGSI,4057
724,B000WMOEFS,724
4272,B01ERDWSFU,4272
1329,B004DGIII8,1329
227,B00095OGQU,227
2027,B009638QJY,2027
2842,B00IFD5OH8,2842
573,B000M5YYIW,573
3239,B00NL2AON2,3239
1966,B008DS266M,1966
196,B00062N4K0,196
984,B001O62V56,984
3227,B00NB3SV6S,3227
1713,B0069KPMGW,1713
17,B00004RH8I,17
3242,B00NL4AWTQ,3242
3670,B010LBJOAE,3670
3446,B00T6YZ0K6,3446
2987,B00K85965W,2987
486,B000I18LJS,486
3009,B00KNNJOP6,3009
4367,B01H1RDJOI,4367
2203,B00B50RNQI,2203
1109,B002IPLAAO,1109
1879,B007PM4KPW,1879
262,B000BD6CP8,262
2838,B00IER21M6,2838
2846,B00IGHFOUA,2846
73,B00005AXI1,73
3435,B00SWQHZRK,3435
847,B0019V18D2,847
781,B0013EI054,781
4276,B01EV6LJ7G,4276
2509,B00E8JPEMS,2509
2041,B009BC6DTK,2041
1715,B006ATU73A,1715
3524,B00VKSW6PS,3524
1692,B0064OEDTK,1692
252,B000AY31CK,252
2237,B00BG1U4ZS,2237
1685,B0064O78HE,1685
3032,B00L1LBYXE,3032
2388,B00CVZ4DKU,2388
3405,B00S54E1AI,3405
2135,B00AMGUZ70,2135
2134,B00AMC1V2C,2134
2461,B00DVB81SS,2461
2508,B00E8JOT9C,2508
3399,B00S1L08UM,3399
1419,B004XR5U6K,1419
2231,B00BCVXUR6,2231
1602,B005PG0HIY,1602
2685,B00GIBPUWI,2685
1199,B003FXSUU6,1199
1417,B004XMYA2U,1417
2797,B00HWROV0E,2797
4366,B01H0IZ7IY,4366
1563,B005HQ4T6I,1563
2344,B00CJR9QB6,2344
2808,B00I4WMOGE,2808
3380,B00RBO75ZQ,3380
3229,B00NB3U2BU,3229
1174,B0038YY3LW,1174
4235,B01E76H4QU,4235
2284,B00C13ZSBA,2284
1013,B001R4CMEA,1013
841,B00191IZB0,841
1381,B004S7SUFI,1381
2703,B00GPT1QNU,2703
4254,B01EKEMFQS,4254
4228,B01E1XN71A,4228
1498,B0057M7YLE,1498
1732,B006J4G45G,1732
1423,B004Y0788O,1423
712,B000VGOVG2,712
3756,B013ZWM1F6,3756
3569,B00X8BQYPS,3569
3256,B00NVG78ZK,3256
2815,B00I5HRG02,2815
826,B0018ACR6G,826
4046,B01A1FAT1S,4046
3472,B00TSUXJ3I,3472
1046,B00207NF6W,1046
652,B000PEW4MI,652
4048,B01A5THGES,4048
1727,B006HLARU4,1727
1268,B003ZZUJQM,1268
2769,B00HPPOXM4,2769
3938,B017MYKAEM,3938
3958,B01823Y0CK,3958
1259,B003YL4954,1259
2939,B00JIVW97O,2939
3150,B00MHX1RG4,3150
2436,B00DIJ0W30,2436
988,B001OW76XC,988
1088,B002BBAZ3I,1088
1784,B006Z6YQEE,1784
3751,B013SJ41AE,3751
515,B000JFFEFW,515
808,B0015YPIZW,808
1193,B003EDZOBU,1193
148,B0002BFZ8E,148
3961,B0185FC0OK,3961
1733,B006JGQP0I,1733
1141,B002UFC3EY,1141
230,B0009DV7Y6,230
3335,B00PTW7WEQ,3335
3492,B00UUKQEP0,3492
2723,B00GWF8JBE,2723
674,B000REGUBM,674
3334,B00PT4XU04,3334
1834,B007B2AG7W,1834
1963,B008CQQHPQ,1963
2308,B00C9BI1CM,2308
221,B0008G1Z32,221
596,B000NBKLM8,596
2918,B00J8EWEP8,2918
117,B0000DH8I8,117
3841,B015MV1N8E,3841
4167,B01CNPIK2O,4167
2466,B00DVBSNPY,2466
1918,B00823IZQS,1918
449,B000H9JO8S,449
2289,B00C351GBC,2289
783,B0013HJAW8,783
4322,B01FVTQQ2K,4322
563,B000LNTLNI,563
2396,B00CX7JZLS,2396
833,B0018QCFLM,833
1678,B0063U2RWU,1678
4150,B01CFJGHCI,4150
623,B000NY4U8G,623
510,B000IZY4WW,510
455,B000H9L3NW,455
307,B000BQO5F4,307
1427,B004YK2KSM,1427
4072,B01ANY2BVS,4072
3891,B016ME1WH2,3891
2341,B00CJ5EO2E,2341
1841,B007D5H3OG,1841
436,B000H9FWA2,436
443,B000H9G06M,443
1527,B005CG2W3U,1527
3023,B00KVY2FM6,3023
2917,B00J7ZCTYY,2917
3626,B00YSZ1MFU,3626
2017,B0094GP7SQ,2017
1543,B005FYGXUC,1543
1097,B002BYSBLS,1097
2067,B009OJHQMI,2067
1185,B003DKQB02,1185
1035,B001VXZVNG,1035
2552,B00EQEY1UG,2552
901,B001D77T6W,901
2114,B00AB5X3CG,2114
1093,B002BBIYWM,1093
2824,B00I9SK8XY,2824
610,B000NI06G2,610
3742,B013L36SXA,3742
2003,B008YFTPBS,2003
4164,B01CNB55WG,4164
2046,B009ENG6TI,2046
3998,B018WWT8RI,3998
2700,B00GO7SBZO,2700
365,B000EJUBBU,365
9,B00002N6FE,9
4191,B01D1G7LRO,4191
1198,B003FXOUOQ,1198
4288,B01F2LFZUQ,4288
4061,B01ADBM4C2,4061
2268,B00BU6823K,2268
2822,B00I9CSK4Y,2822
3536,B00W4E5ITI,3536
806,B0015YJIY4,806
699,B000TQEX30,699
1937,B00843L1PI,1937
1486,B0054RJ7VC,1486
2906,B00J1X4MFQ,2906
2630,B00FM7VHUI,2630
2949,B00JL4F1SM,2949
3895,B016R9E7J2,3895
1351,B004KZAR68,1351
3015,B00KOOF5W0,3015
1515,B0059H5Z5O,1515
3576,B00XD2P21Y,3576
2045,B009E0EBDO,2045
179,B0002YU2AM,179
3848,B015V0D1CW,3848
3632,B00Z2CC7Q6,3632
902,B001D7DV00,902
1289,B0042D6HO4,1289
435,B000H9FW8Y,435
203,B0006HX1HG,203
2337,B00CI6DMS6,2337
2745,B00H80HJ8Q,2745
149,B0002CSBN4,149
3790,B014V0L7QA,3790
3071,B00LNSEZH2,3071
2896,B00J0GPC80,2896
1605,B005QDORPK,1605
756,B0012LHL9O,756
1950,B00880AVL2,1950
4090,B01B9K1VQ6,4090
903,B001D8BZCK,903
2494,B00E6BCV0G,2494
830,B0018LNQ0Q,830
2444,B00DMI632G,2444
2929,B00JF2LPXK,2929
375,B000FEM392,375
1938,B00843NRSC,1938
4285,B01F1XTRGI,4285
1286,B0040ZOFW0,1286
934,B001FZOCCG,934
1824,B0079SM1LW,1824
3417,B00SH4F0LK,3417
2962,B00JR591DG,2962
1965,B008DF9LFO,1965
1495,B0056ZX1R8,1495
1837,B007BTPBSO,1837
38,B00004WLL3,38
4114,B01BVSNPPQ,4114
2698,B00GN7VV8O,2698
176,B0002YTM30,176
823,B0017JHYV6,823
398,B000FN0C4Q,398
564,B000LNXS1O,564
2206,B00B5137DK,2206
295,B000BPRKZW,295
1971,B008FM8YU8,1971
3386,B00REHGEIO,3386
752,B0012BV21W,752
4207,B01DGEWHN4,4207
2428,B00DE8EXJE,2428
3233,B00NEUC8SK,3233
139,B00023RVNO,139
1288,B0041Y97FK,1288
3875,B0167R4K0U,3875
3303,B00OZ0KLL4,3303
827,B0018BJW6S,827
3587,B00XPSIT3O,3587
1469,B00530GDHG,1469
3761,B0142SNY94,3761
3528,B00VU3L0WS,3528
713,B000VK5VM6,713
250,B000AV16H0,250
663,B000QDC7T8,663
1306,B0046E705O,1306
3683,B010S58DQE,3683
2014,B00947BQ08,2014
2039,B009AHW65G,2039
4043,B019W5T4CS,4043
1531,B005DNQX3C,1531
2468,B00DVIEJ14,2468
1394,B004UUAED4,1394
864,B001AO9IRG,864
1290,B0042SWOHI,1290
4378,B01HBPHSII,4378
2554,B00ES3UE3I,2554
2540,B00EL0STIA,2540
1346,B004ISD7T6,1346
2211,B00B5HONN2,2211
2724,B00GWFMG1S,2724
2853,B00IKTO7VQ,2853
3985,B018MG4OM8,3985
1709,B0066XLWDE,1709
3114,B00M87WG78,3114
1376,B004QXUR46,1376
3277,B00O9XEDES,3277
268,B000BN33FA,268
340,B000CINVA6,340
2130,B00AJDZJCW,2130
3812,B0158ETJN6,3812
4092,B01BD80T6M,4092
595,B000N6621M,595
45,B00004YOKH,45
4128,B01C3HEQZC,4128
4261,B01EKEMUEK,4261
1651,B005W42SW2,1651
885,B001BSK3NO,885
3263,B00O0Q3BMO,3263
283,B000BODTKI,283
1501,B0057PUR88,1501
1617,B005RNEH5O,1617
735,B001005TX2,735
3608,B00YHJC97W,3608
2432,B00DG0NA62,2432
1369,B004O49X7Y,1369
126,B000189FRU,126
657,B000Q3CGL2,657
2713,B00GTRVO12,2713
3518,B00VFNZN8K,3518
3133,B00ME7YUIU,3133
1656,B005Z4QU5U,1656
1742,B006PKKWV6,1742
1731,B006IPH5H2,1731
1960,B008BQQASQ,1960
670,B000R92HO6,670
2028,B00967JETQ,2028
1802,B0074NETHQ,1802
2296,B00C66JTPI,2296
1322,B004C4WPXA,1322
3874,B0166QZ5HO,3874
950,B001HWDOK8,950
1799,B0071NC78C,1799
3808,B015557HUK,3808
3034,B00L2ASKQ8,3034
2908,B00J25JCM6,2908
1094,B002BBJSPE,1094
3815,B015A3DQ7K,3815
546,B000LDDOXG,546
3033,B00L1S93PS,3033
3042,B00L62RY96,3042
3645,B00ZHUEZIQ,3645
2162,B00ATODOOQ,2162
2764,B00HH08TUO,2764
4112,B01BUZUXXC,4112
3788,B014UASFAM,3788
513,B000J5KOIE,513
2625,B00FJ5KXH6,2625
171,B0002YOZIW,171
3174,B00MRZFYEI,3174
3580,B00XF3JFNC,3580
3612,B00YQB85PG,3612
3438,B00SXVUETU,3438
2610,B00FG7C1O0,2610
62,B00004Z2HN,62
2742,B00H7KTRO6,2742
341,B000CMHNY2,341
453,B000H9K5J0,453
311,B000BQPX1O,311
3529,B00VUZQKS0,3529
3440,B00SYQ3VNA,3440
3462,B00TI3JUWO,3462
476,B000HE8ER0,476
1390,B004U7A5X6,1390
427,B000H5R5M4,427
2551,B00EPYD1YO,2551
1,B0000223SK,1
3866,B0166FFCFU,3866
466,B000H9QG5C,466
1152,B002Y4ZG7W,1152
971,B001LQNUUY,971
3209,B00N51OO7Q,3209
2657,B00G3J6GDM,2657
1086,B002AM6SIO,1086
1687,B0064O94I0,1687
89,B00008VXNE,89
2040,B009B0VASG,2040
69,B0000516K4,69
1681,B0064GZQ2G,1681
492,B000I3PUE0,492
1212,B003JQJNWS,1212
4007,B0195UWAHG,4007
1062,B0024NKKHO,1062
130,B0001GAYRC,130
291,B000BPIM5O,291
1264,B003ZZS4HS,1264
3414,B00SF4YSBK,3414
2931,B00JG2YS8S,2931
210,B0006O8QQ0,210
3437,B00SX3T2LO,3437
588,B000MW1IPM,588
4176,B01CTEADL0,4176
923,B001F0MHV4,923
438,B000H9FWVQ,438
420,B000GKDFW4,420
1487,B00551ND12,1487
1619,B005SHOSNA,1619
3655,B0100IDA9O,3655
121,B00011Q5QG,121
2456,B00DSZS5C4,2456
3562,B00WX4UONO,3562
1625,B005T8QLCY,1625
3082,B00LUDV9ZG,3082
2770,B00HQBJLUQ,2770
2741,B00H703OKE,2741
2090,B009ZUSSBE,2090
2453,B00DS0KP36,2453
772,B0013AZ4R0,772
3215,B00N76TDO8,3215
3453,B00TDBVW7W,3453
2855,B00ILCCUN4,2855
1335,B004EHHPDU,1335
3646,B00ZKE559W,3646
762,B00130BWLM,762
1969,B008EMA2CM,1969
594,B000N562FE,594
561,B000LNS044,561
4241,B01E90JU84,4241
1488,B00558U9AI,1488
953,B001HWJY34,953
3052,B00LH0S31A,3052
1441,B0050RIQHM,1441
82,B00006IC2O,82
415,B000GASBQ4,415
3222,B00NAK9L6Q,3222
1234,B003R3JFJO,1234
604,B000NHQVRG,604
2158,B00ASFRSP2,2158
3700,B011BLH41O,3700
376,B000FFII3G,376
1238,B003TWP2S6,1238
3224,B00NAY3RB2,3224
3727,B01303V38Q,3727
1345,B004IALV0G,1345
2990,B00KCCX0EE,2990
3772,B014G84X7M,3772
2912,B00J26U3R8,2912
256,B000B61DUY,256
3392,B00RRD3BPE,3392
1729,B006IOZ46W,1729
2136,B00AMGV010,2136
1631,B005TZJ0AM,1631
1914,B00813HBBO,1914
2898,B00J0GRREW,2898
2076,B009QBL2T2,2076
334,B000BW0YDK,334
3661,B010BWOOXA,3661
2534,B00EFOQEUM,2534
267,B000BLIC5S,267
1018,B001SVX30Y,1018
644,B000P49BX8,644
3686,B010UDG6NG,3686
2629,B00FKYDD1Y,2629
71,B00005202U,71
3065,B00LMBJKEI,3065
1921,B00835HD1S,1921
1717,B006DWT7HG,1717
3306,B00OZJMX1Q,3306
4042,B019VSI9S6,4042
3744,B013PSL4EE,3744
2071,B009OLNO2M,2071
1848,B007FZZUF8,1848
1379,B004RYF8KW,1379
2252,B00BLTEKPA,2252
4040,B019SXN2M2,4040
3376,B00R577EKK,3376
3982,B018ITTFDM,3982
1577,B005KMDV9A,1577
3384,B00RCPDI50,3384
2244,B00BHV16UO,2244
605,B000NHTN2G,605
507,B000IN1B8E,507
1782,B006YTMNYC,1782
2636,B00FPSL0FG,2636
1466,B0052PLEOY,1466
3511,B00VBHFCWW,3511
3526,B00VSHBSVE,3526
4339,B01G9K7KCK,4339
2971,B00K0DBBAU,2971
3549,B00WE1FQ8Y,3549
2976,B00K2QZZM0,2976
2721,B00GWF4RTM,2721
4051,B01A6U6PAM,4051
1221,B003KWER3Q,1221
2009,B00935OGW6,2009
4243,B01E91K4N8,4243
1052,B0020MRLV2,1052
2023,B0095NCBIM,2023
1560,B005HIJCB8,1560
48,B00004YVI5,48
794,B0013U75B8,794
1996,B008VIHFSI,1996
4226,B01DZXWHJA,4226
1364,B004N8OSLC,1364
3398,B00S1JWZ14,3398
489,B000I1EHK0,489
1833,B007B2AG3G,1833
1457,B0051X4DGI,1457
2491,B00E5OQIKS,2491
3709,B011MAQV40,3709
2073,B009PHFNGA,2073
382,B000FK9HH2,382
3245,B00NODLUGI,3245
4107,B01BPQDG62,4107
3101,B00M0CS73S,3101
2561,B00EUGCT22,2561
2948,B00JKV1GU8,2948
662,B000QC4BIE,662
600,B000NDHGEM,600
1095,B002BBQAK0,1095
2225,B00B89P48U,2225
1896,B007Y7D2GG,1896
1318,B004AS70UG,1318
1749,B006R9OGKS,1749
2505,B00E8JN1DC,2505
3002,B00KJDK1N4,3002
2845,B00IG7QK7Q,2845
1601,B005P7P9M2,1601
2804,B00I3MXJL4,2804
3035,B00L2N5X38,3035
3971,B0187JBAGS,3971
3389,B00RN9YKM0,3389
2693,B00GMRGULI,2693
324,B000BT32UA,324
3247,B00NP2H9DQ,3247
939,B001GMJFWU,939
322,B000BQYHSY,322
3291,B00OJYN3OS,3291
1503,B0058DGECW,1503
3600,B00Y8T9YZG,3600
2199,B00B28Z2AC,2199
3080,B00LQKUQXY,3080
65,B00004Z2I2,65
1502,B0057UUGS4,1502
2143,B00AOVH60M,2143
651,B000PDOTK4,651
3552,B00WFBRV18,3552
1647,B005W16LVE,1647
1003,B001Q50L7U,1003
1696,B0064OJDUO,1696
711,B000VBGG42,711
1931,B0083R1FME,1931
15,B00004R9TU,15
2593,B00F9X9WYI,2593
3704,B011E2VUN8,3704
406,B000FPAN2K,406
1673,B0061OUGRQ,1673
1544,B005FZJ3M6,1544
2389,B00CVZ4ERW,2389
3261,B00NY8F172,3261
3318,B00PF7NU7S,3318
248,B0009XUL5C,248
2492,B00E5XO18K,2492
535,B000KKVL6C,535
654,B000PSAKAW,654
1806,B0075E9NN4,1806
2922,B00JCH2YJC,2922
4347,B01GDC4GQM,4347
869,B001AW0B3S,869
846,B0019QXACO,846
2426,B00DE7KMTK,2426
2437,B00DJ73YUY,2437
4289,B01F2LG2J4,4289
2061,B009ITFXDI,2061
1002,B001Q4ZTPK,1002
1186,B003DQXMJO,1186
812,B001768724,812
2364,B00CQML8UQ,2364
233,B0009KMYHI,233
2047,B009ERTLRI,2047
2923,B00JDU4PUO,2923
2938,B00JIJ6GVG,2938
2188,B00AZBIZTW,2188
1405,B004VNCEA6,1405
899,B001CZJ4JK,899
721,B000WHPVC8,721
1172,B0038YY25Y,1172
3743,B013ORY4W0,3743
2221,B00B84DGDA,2221
527,B000K7IWDK,527
481,B000HMOJY4,481
1561,B005HNX2K0,1561
1994,B008UB6IKC,1994
845,B0019N7X48,845
2881,B00IYFNXR0,2881
2781,B00HTZD9YI,2781
938,B001GMA7ZE,938
3974,B018D9JPPA,3974
2006,B008ZSX42K,2006
2405,B00D1GV8LU,2405
980,B001NI8MNK,980
2445,B00DN06RJC,2445
622,B000NV8T5Y,622
27,B00004TBJF,27
3158,B00MMHUYJ6,3158
396,B000FMYYT6,396
2894,B00J0GMMP6,2894
649,B000PDNCWU,649
1310,B004754KFK,1310
2024,B0095P7X88,2024
2755,B00HEQYDBK,2755
2264,B00BS2Q936,2264
3726,B012YDAW6W,3726
2820,B00I6ID8XE,2820
3274,B00O92RW92,3274
2329,B00CF49NJS,2329
2602,B00FEBSJ58,2602
1378,B004RSV5E6,1378
3058,B00LH0SZ5O,3058
1765,B006UKI6GY,1765
1470,B005317ZMC,1470
3025,B00KX1V51E,3025
1365,B004NG8V9E,1365
1110,B002IXGUAQ,1110
419,B000GFT7FI,419
3684,B010TWUQJ8,3684
3979,B018G6CQAG,3979
1258,B003YL4940,1258
447,B000H9JG7C,447
2963,B00JR5CV4C,2963
3129,B00ME7CV7C,3129
2885,B00IYFQ2JG,2885
3166,B00MN5X2Z0,3166
2826,B00IAVLDVG,2826
2320,B00CC1A2IA,2320
1361,B004MUFHUM,1361
181,B0002YUNRE,181
3138,B00MEZDPS8,3138
4147,B01CE5P33M,4147
3806,B0151R3JBS,3806
2924,B00JEBNLHK,2924
1166,B0037V0TY6,1166
2606,B00FG7BJ70,2606
3036,B00L2X4JEW,3036
983,B001O62T4O,983
3521,B00VJ4SFQW,3521
710,B000V4FM4O,710
1263,B003ZZS4BO,1263
1386,B004TUEFPS,1386
1903,B007Y7ICE8,1903
1416,B004XMW89M,1416
429,B000H5WT34,429
3296,B00OTKSUN6,3296
2749,B00H8N2YCY,2749
1332,B004E3LHR4,1332
3994,B018TKMNCA,3994
691,B000TD1SYA,691
3854,B015X6HOT0,3854
1397,B004UYTWJW,1397
542,B000KPKBOA,542
3027,B00KY96G6E,3027
2262,B00BR1CNFQ,2262
2380,B00CTJYXHQ,2380
136,B00020BQGK,136
4079,B01AUI4VVA,4079
483,B000HWRU9U,483
2208,B00B5139AG,2208
627,B000OLCD9Q,627
4161,B01CL1FFPK,4161
3431,B00STUMYZC,3431
1107,B002I05TUQ,1107
4330,B01G2FINHS,4330
2776,B00HSO1APU,2776
2318,B00CBPK0FW,2318
904,B001DC9USC,904
495,B000I651Q4,495
3818,B015E2UFGM,3818
2074,B009PPEVTW,2074
3370,B00R18XU7E,3370
3637,B00ZAUR6M0,3637
3140,B00MEZE7XU,3140
2361,B00CQ9LLR4,2361
1092,B002BBICBK,1092
4069,B01AIUBEII,4069
1618,B005S2DOAI,1618
2556,B00ES3UEOM,2556
264,B000BD8N0A,264
2420,B00DCAISM2,2420
3316,B00PF7GNPO,3316
1776,B006VYY4FG,1776
695,B000TG9ZKG,695
103,B0000DD1D2,103
3951,B017SGCX2G,3951
3136,B00MEZDLXM,3136
1287,B0041T4U4S,1287
3088,B00LXW06R6,3088
1067,B0025ZHI1W,1067
74,B00005JRLB,74
3317,B00PF7JH5M,3317
287,B000BPC2PU,287
1585,B005M3X3R2,1585
528,B000K7M37G,528
1583,B005LRSAT0,1583
4138,B01C7CQHAK,4138
3713,B011VGAPOC,3713
79,B00006FXPF,79
6,B0000225HB,6
354,B000DZHF5A,354
2261,B00BQYCJN0,2261
2256,B00BNI6TOE,2256
2037,B0098INLEC,2037
500,B000ILG0E6,500
2103,B00A6D2S5G,2103
1809,B0076QY0M0,1809
3723,B012ULUSQW,3723
3959,B0184XHSNG,3959
1835,B007BEJ07W,1835
3877,B016996EEQ,3877
3541,B00W75P3AI,3541
325,B000BUXY0W,325
1755,B006S21SQO,1755
1876,B007OXK4C0,1876
676,B000ROQK3A,676
1317,B004AKS06W,1317
1219,B003K1KQKK,1219
3243,B00NM8H5TG,3243
989,B001P5F9X2,989
1126,B002P55TX6,1126
1128,B002P6A3BS,1128
3967,B0185SOOSW,3967
3736,B013HZCYXK,3736
135,B0001YIUZC,135
2928,B00JF2LI28,2928
3001,B00KJ6U8NE,3001
2785,B00HUUWYIO,2785
3375,B00R4ZT1FY,3375
867,B001AU3J6Q,867
3353,B00Q9Z1JUU,3353
1342,B004HEAFSW,1342
1074,B0026T4H70,1074
3681,B010MZ8TCS,3681
3471,B00TSUXISO,3471
3519,B00VHKKUUW,3519
839,B00191IUOW,839
2449,B00DPLM392,2449
3880,B016C5F2WM,3880
4030,B019FSPV88,4030
551,B000LF42NK,551
1450,B0051IB6OA,1450
3620,B00YSP5SR8,3620
0,B0000223SI,0
606,B000NHTONY,606
3193,B00N0M6OD2,3193
201,B0006945SS,201
58,B00004Z0R1,58
1814,B0077RAX4W,1814
1260,B003ZATW42,1260
3617,B00YQBGMBU,3617
635,B000OQTFN8,635
4192,B01D4Q3LD4,4192
1121,B002O16SHC,1121
3674,B010LDZKNC,3674
422,B000GR9X28,422
3724,B012ULUZWE,3724
3411,B00SC3EFDU,3411
1299,B0044FSXU6,1299
2864,B00IOX8M0A,2864
3669,B010LBJO5O,3669
4361,B01GWCVBKW,4361
3276,B00O9R4K7O,3276
360,B000EDKOLI,360
1471,B00535HMQM,1471
4325,B01FXGK1Q8,4325
615,B000NNINBW,615
1081,B0029XC0JA,1081
512,B000J2FKY0,512
3677,B010MZ8S6A,3677
944,B001HMG4LO,944
2787,B00HWRO744,2787
2999,B00KJ5TE7G,2999
346,B000CSK0H8,346
2331,B00CGV6TZG,2331
3986,B018MG4SFQ,3986
4130,B01C3ZVRYM,4130
3451,B00T9RANUC,3451
451,B000H9JXIY,451
3146,B00MFRMFS6,3146
666,B000QV02X8,666
1190,B003E65XYU,1190
4304,B01FEJU41G,4304
1295,B0043F779K,1295
1870,B007OSD9UO,1870
4087,B01B5RBOA6,4087
4300,B01F7Q1K3W,4300
3853,B015WTX0IM,3853
1377,B004RSTCZA,1377
1842,B007D5H4HW,1842
3175,B00MSGNVNW,3175
1418,B004XR5TO8,1418
1877,B007PB0LO2,1877
2717,B00GU2G6T6,2717
3578,B00XDT7IQE,3578
2970,B00JZ18KNY,2970
3232,B00NC5S6OM,3232
362,B000EFMLQ2,362
2852,B00IJ67MKI,2852
1698,B0064SEBZC,1698
4117,B01BY3DW9W,4117
1146,B002WJHE7E,1146
506,B000IMHW9M,506
204,B0006IX85A,204
3422,B00SO6O6TI,3422
4209,B01DLU3M3M,4209
1526,B005CEHTEY,1526
234,B0009N5SG4,234
1049,B00208DWLO,1049
2920,B00JBIK3SG,2920
401,B000FN1FLA,401
1737,B006KWCIV6,1737
966,B001KZ3NOO,966
541,B000KM31CC,541
4141,B01C89OZPG,4141
887,B001C009GW,887
3048,B00LCZ9FH6,3048
3235,B00NGVF4II,3235
402,B000FN21AO,402
1210,B003ICY2H4,1210
1671,B0061OSZYC,1671
2658,B00G4RWLEG,2658
4111,B01BSYQ0XC,4111
549,B000LDHBP8,549
3847,B015RQVEEW,3847
4184,B01CX93TMQ,4184
3163,B00MN5X07U,3163
3359,B00QGXDZGQ,3359
3262,B00NYWABAA,3262
3265,B00O2KDQBE,3265
430,B000H5WVCS,430
3305,B00OZGWWQA,3305
2946,B00JKV1ERI,2946
1901,B007Y7I2K2,1901
1027,B001UH3L8K,1027
235,B0009PRFYU,235
4121,B01BZO8O3O,4121
2062,B009K53NUA,2062
1972,B008FMKU00,1972
3789,B014UN3AE0,3789
2646,B00FXKW4F6,2646
4106,B01BONUDD0,4106
2601,B00FDXIGWS,2601
3087,B00LWPIKE0,3087
281,B000BO9CJ0,281
671,B000RAWD4E,671
1621,B005SJ51W0,1621
112,B0000DD5GY,112
2369,B00CR8ZRCY,2369
3510,B00VA2QK4M,3510
61,B00004Z2HD,61
1496,B005756516,1496
2058,B009INJX7G,2058
3320,B00PGR8AXG,3320
3416,B00SFUVNKS,3416
2812,B00I53B7HE,2812
1489,B0055DPO8U,1489
3078,B00LPBX280,3078
1721,B006G1E3D2,1721
2493,B00E6A1EVO,2493
2332,B00CH18YFS,2332
3572,B00X9H6PQO,3572
933,B001FVG3CM,933
1452,B0051IBBUE,1452
4177,B01CTM0JF2,4177
2295,B00C5UO8U6,2295
1459,B0051XWXMY,1459
3213,B00N53KQV2,3213
567,B000LWXB44,567
1216,B003JQJSU0,1216
2377,B00CSYD8SC,2377
1973,B008FRFLEU,1973
1473,B0053DSWJA,1473
3180,B00MV7T3TO,3180
1051,B00209VXBE,1051
1005,B001QFA184,1005
581,B000MN1O1E,581
3432,B00SUTYYS2,3432
1283,B0040ZODOK,1283
969,B001L6CVS6,969
3339,B00PWCYLSI,3339
155,B0002JMB8I,155
1344,B004I2GPI2,1344
3286,B00OFTXZSQ,3286
888,B001C0XY2S,888
1354,B004LQ2I2M,1354
177,B0002YTPDC,177
3028,B00KYTE3PU,3028
3964,B0185FHG76,3964
2439,B00DL3Z5YY,2439
4018,B0198H8JB2,4018
2042,B009CTP3YS,2042
3134,B00ME88QPC,3134
1439,B0050HKB8O,1439
1759,B006TCLQ9M,1759
3083,B00LUJFFAU,3083
3441,B00T2DNKJY,3441
1872,B007OXK1M8,1872
872,B001AXGIY8,872
3346,B00Q2CRM24,3346
1153,B002YLV9OY,1153
2362,B00CQLO2OG,2362
1313,B0049RAEA6,1313
1087,B002AMO5EI,1087
1676,B0062PBMUY,1676
4124,B01C29VI4I,4124
544,B000KZUTEM,544
532,B000KIEPSA,532
2350,B00CMTKKQ6,2350
3515,B00VEDF6I8,3515
2596,B00FBRKV0Q,2596
2228,B00BB4ETJW,2228
3301,B00OY1E6LA,3301
2029,B00967K0NU,2029
3456,B00TGSS4CS,3456
2213,B00B5WK7KK,2213
1638,B005V9UWB2,1638
1149,B002WJHEL0,1149
1338,B004EXMS4U,1338
632,B000ON4WCK,632
2695,B00GN519M4,2695
2072,B009PF9124,2072
2012,B0093J2GWO,2012
1670,B0060L4IXI,1670
3659,B01066Q1CI,3659
3046,B00LAJNOXK,3046
2736,B00H1TES4C,2736
3473,B00TUQIBG0,3473
70,B000051WTX,70
1036,B001VY07VQ,1036
2672,B00GD471PO,2672
1475,B0053PYD3W,1475
1976,B008IFYEP6,1976
1840,B007COAAT8,1840
3539,B00W5PRY52,3539
4135,B01C6H8V9G,4135
3776,B014KISXAG,3776
1474,B0053PYAWQ,1474
1044,B001Z3C3AG,1044
840,B00191IYNO,840
441,B000H9FZ1I,441
2077,B009QFU9H4,2077
1204,B003GSL4BW,1204
820,B0017CXF6G,820
2915,B00J42G2UW,2915
1280,B0040FHR6Q,1280
1604,B005Q5LXY6,1604
3977,B018FKFJQ6,3977
886,B001BY0EUU,886
81,B00006IC2K,81
224,B0008IVYYA,224
876,B001B19E04,876
1343,B004HKITWU,1343
2756,B00HF4TCBM,2756
2790,B00HWRODTS,2790
1672,B0061OT1A4,1672
1627,B005TE3C1G,1627
1785,B006Z6YWIO,1785
2184,B00AY1S7WI,2184
1272,B003ZZUL5Q,1272
477,B000HE9T6A,477
1684,B0064H0Y2W,1684
470,B000HBOYZO,470
1334,B004EBMXZG,1334
138,B000234ITO,138
3944,B017QDHIW6,3944
2678,B00GGGJUSA,2678
12,B00002ND49,12
2719,B00GU2GR0E,2719
1891,B007VY84SS,1891
4382,B01HCVJ3K2,4382
1705,B00657XYDM,1705
445,B000H9JF8C,445
1244,B003VYAXTA,1244
787,B0013J1UJW,787
377,B000FFIJF8,377
4338,B01G96LB6U,4338
3343,B00PZY11IQ,3343
2052,B009F3KR06,2052
424,B000H4G256,424
1979,B008IMQ73Q,1979
1754,B006S21S5U,1754
525,B000K4YZWU,525
2191,B00AZMGFI4,2191
1900,B007Y7HPDC,1900
2401,B00CYTLXTM,2401
90,B00009V3ZG,90
985,B001OBTZ1E,985
4306,B01FFCVGBE,4306
4020,B019C56FIE,4020
556,B000LJNJOY,556
3911,B017AJ0ISC,3911
3013,B00KO6DDAY,3013
2324,B00CCXHGG4,2324
634,B000OQQVHG,634
2799,B00HXD2V36,2799
3436,B00SWW16CO,3436
2465,B00DVBRHTM,2465
3747,B013S1M75I,3747
3954,B0181LX5Q0,3954
1504,B0058DH4JE,1504
4029,B019FGCTJE,4029
2032,B0096Q9J8S,2032
2485,B00E1LC1VK,2485
3760,B0142PHFVU,3760
650,B000PDO3NM,650
807,B0015YJK9C,807
3309,B00P1N68FW,3309
1523,B005B8LZL4,1523
1063,B0025PLFU2,1063
701,B000UEBF00,701
2366,B00CR8ZRBA,2366
3733,B013E9L4ZS,3733
4321,B01FUFWN8Q,4321
391,B000FMWU42,391
698,B000TPJYFI,698
39,B00004Y68Y,39
4009,B0195V3682,4009
3533,B00W2NMO3Y,3533
682,B000S7ZSTS,682
1192,B003E7EBMY,1192
463,B000H9NK9M,463
2977,B00K4PZ9NO,2977
795,B00143LLB4,795
1699,B00657LR5O,1699
479,B000HHROJ6,479
821,B0017D3RIQ,821
3898,B016WEEK6C,3898
286,B000BPC11U,286
2422,B00DCAJEYI,2422
1608,B005QDP82Q,1608
1054,B0021QBIBQ,1054
2638,B00FQE172K,2638
1533,B005DRQRZM,1533
1430,B004Z9XG0I,1430
1395,B004UUAJA2,1395
2967,B00JX1KXUE,2967
3408,B00S88LYQK,3408
3064,B00LLO4Q7W,3064
771,B0013AX6FC,771
3051,B00LGIZKMI,3051
4302,B01F866W7U,4302
2996,B00KHTLWU6,2996
1626,B005T8VHCS,1626
4346,B01GDAZZ0A,4346
4011,B0195ZIURK,4011
2800,B00HZFWHDQ,2800
931,B001FS7ZIG,931
791,B0013TQV4G,791
4327,B01FZXLN5C,4327
3716,B01258UZMC,3716
1265,B003ZZS5IG,1265
1256,B003YL45BC,1256
1399,B004UZ3WBU,1399
2108,B00A8O0710,2108
178,B0002YU23O,178
2789,B00HWROB8G,2789
4208,B01DJ0J4UO,4208
2617,B00FH8H8QE,2617
4031,B019I3YCFS,4031
428,B000H5RQ14,428
1599,B005P07TSQ,1599
88,B00008US7G,88
1827,B007B2AA0K,1827
3122,B00ME7424W,3122
395,B000FMYW34,395
3869,B0166FFFD4,3869
4308,B01FH56KGK,4308
3534,B00W328PPU,3534
3047,B00LBOICL8,3047
2902,B00J0H6NNM,2902
2545,B00ENX02GC,2545
2571,B00EZ9UDIG,2571
2499,B00E6BDDGW,2499
2026,B00962CQNC,2026
3216,B00N7I1ZVU,3216
729,B000Z9DCF6,729
1832,B007B2AEYW,1832
4170,B01CP18J4A,4170
2247,B00BKFHUPC,2247
2448,B00DPEXKSW,2448
2835,B00IDBZ1A2,2835
744,B0011DR7II,744
2888,B00J06IML4,2888
878,B001B19JLS,878
2910,B00J25JD6Q,2910
4077,B01ATL97U8,4077
1039,B001W6Q4ME,1039
817,B001769ISQ,817
589,B000MW6F7S,589
3156,B00MKOOCN0,3156
1635,B005V9USIY,1635
2292,B00C4TRA2Q,2292
1281,B0040X3WPI,1281
3457,B00THZJH3U,3457
1823,B0079SLYGU,1823
2566,B00EXLPLTW,2566
1401,B004UZDKRG,1401
3443,B00T3ZRI44,3443
3184,B00MVIPK68,3184
4058,B01A9TGU7I,4058
1228,B003O5B5LG,1228
951,B001HWGMBG,951
677,B000RP82F8,677
1887,B007QAJUUS,1887
2177,B00AWFI4B0,2177
1201,B003GSL18I,1201
2562,B00EUH18DC,2562
4159,B01CL1FCB2,4159
3929,B017JPXHSA,3929
678,B000RUKZSA,678
2895,B00J0GO8I0,2895
49,B00004YVI6,49
2222,B00B886Y9E,2222
613,B000NIZYHI,613
4379,B01HBZYFT8,4379
4323,B01FW3L6XY,4323
4142,B01C9KT13U,4142
66,B00004Z49L,66
1758,B006STCVL8,1758
1412,B004WAGOKY,1412
271,B000BN9IH2,271
3255,B00NU6VN6G,3255
1736,B006K3M8BK,1736
2288,B00C32MKLK,2288
1940,B0084JQL1Q,1940
4049,B01A6OQ2LA,4049
4237,B01E7G1AU6,4237
1337,B004ESX556,1337
2263,B00BRX96AO,2263
2302,B00C7WXTJS,2302
3594,B00XXHYVX4,3594
880,B001BHEGPQ,880
2575,B00EZH0GMQ,2575
2214,B00B5XDPLC,2214
1888,B007S91ND4,1888
1019,B001T49R7S,1019
503,B000ILG1J0,503
3463,B00TJMEX3U,3463
1929,B00838XPQM,1929
24,B00004T7W2,24
187,B0002ZPB34,187
1116,B002N4WCR0,1116
1132,B002SAQ1X0,1132
1102,B002DVWOIA,1102
3813,B0159JLOCE,3813
3777,B014KNSYEQ,3777
2944,B00JJHK1I6,2944
350,B000DCN8SQ,350
3333,B00PSGWHIO,3333
1277,B004000394,1277
572,B000M2WOBE,572
2321,B00CCGK31G,2321
3621,B00YSP7AJ2,3621
3326,B00PLKV6C0,3326
3573,B00XAGSZSK,3573
4014,B0196DR004,4014
113,B0000DD5H0,113
2406,B00D2MPVUM,2406
1015,B001RB20CC,1015
3557,B00WTHLR0E,3557
2227,B00B95RERM,2227
1607,B005QDP1XC,1607
4028,B019F8EG5M,4028
3198,B00N312DRQ,3198
1285,B0040ZOFU2,1285
312,B000BQQU52,312
3404,B00S4YRMB4,3404
2709,B00GS8VIKE,2709
2053,B009F3MM18,2053
143,B00028PDO8,143
4129,B01C3IQDE8,4129
1493,B0055PMTOU,1493
900,B001D0CKYK,900
2272,B00BUVATVI,2272
813,B00176877E,813
2849,B00III7IP6,2849
1315,B004AF204K,1315
3650,B00ZSDDJ4S,3650
3206,B00N4L5N4A,3206
293,B000BPK76G,293
1927,B00837ZGRY,1927
1048,B00208BX4C,1048
232,B0009K8PPS,232
2512,B00E8JREGC,2512
4033,B019J2NU5Q,4033
963,B001KUSTB6,963
1191,B003E7E3W2,1191
3732,B013DZB6CO,3732
2100,B00A3UXP54,2100
1031,B001V9UQU8,1031
1756,B006SJDKBS,1756
2327,B00CEK3EPC,2327
3468,B00TQLMNDQ,3468
2600,B00FDSLIOG,2600
399,B000FN0YJY,399
3968,B01860S51Q,3968
2198,B00B1M4UTI,2198
3652,B00ZSQTJQ2,3652
2702,B00GORY4E6,2702
3945,B017QRA5MW,3945
3737,B013J99RQ6,3737
1139,B002U4IAVU,1139
2166,B00AU6Y2NK,2166
3371,B00R1FYLWU,3371
825,B00188BXJ0,825
4045,B019XWENGM,4045
3159,B00MMN3BEK,3159
1871,B007OXK1AK,1871
2829,B00IB0U9TS,2829
2507,B00E8JOCOE,2507
2964,B00JR6IY4M,2964
1730,B006IOZ66A,1730
2328,B00CF49M9E,2328
3312,B00P9Z3FXA,3312
1820,B0079JTX3U,1820
4054,B01A81FXMK,4054
3960,B0185F3QHK,3960
63,B00004Z2HR,63
3695,B0115JVILY,3695
370,B000F76VBK,370
1830,B007B2AC2Q,1830
1609,B005QDPKU6,1609
1882,B007Q1EMWI,1882
4064,B01AHGJU1Q,4064
2128,B00AGLOKHC,2128
3548,B00WAQGGZA,3548
1017,B001S9ALK6,1017
4088,B01B6R0JNI,4088
2909,B00J25JCW6,2909
2107,B00A7OOSP2,2107
854,B0019ZR1MA,854
3008,B00KN9UA0S,3008
1164,B003629WRQ,1164
3722,B012ER7HHU,3722
3106,B00M1Y008K,3106
655,B000PSBBM8,655
3651,B00ZSQT0WA,3651
3829,B015I1D3G8,3829
1375,B004QPHMRO,1375
1928,B00838VPHS,1928
3504,B00V3ABXIO,3504
4198,B01D8GXTM8,4198
1753,B006ROR6JQ,1753
225,B0008JIQUO,225
1229,B003OBYX50,1229
858,B001ACO6FC,858
2549,B00EPQK3DY,2549
912,B001E4VPDW,912
1677,B00631GQGW,1677
72,B000052030,72
993,B001PF84WA,993
2774,B00HSEWNRY,2774
4157,B01CKU62VS,4157
994,B001PNH8D8,994
3748,B013S1VAM4,3748
683,B000S8AAAO,683
3538,B00W4QJNYW,3538
446,B000H9JFSW,446
3137,B00MEZDNV2,3137
54,B00004YZQP,54
292,B000BPIM68,292
3810,B0156JYMLW,3810
2382,B00CTS6B7M,2382
4219,B01DTLWVSU,4219
3018,B00KRHF8E4,3018
2233,B00BDE4IUK,2233
1104,B002FB65JW,1104
3590,B00XTYN85S,3590
385,B000FKDDJ0,385
279,B000BO8XD6,279
2285,B00C1M6B1C,2285
1623,B005T8OTPA,1623
3517,B00VEU2FDA,3517
2155,B00ARM1ER4,2155
1133,B002SR0C3I,1133
1693,B0064OFGLO,1693
2335,B00CHR9YK6,2335
2323,B00CCUQK2S,2323
2683,B00GI8ZPW6,2683
1942,B0085QLNFM,1942
3804,B014YTPFT8,3804
2360,B00CPPNSPM,2360
2831,B00IBZE2EQ,2831
3665,B010FYZJFQ,3665
4041,B019TRKDTC,4041
4199,B01D8HIQ2K,4199
1242,B003V5NQ2U,1242
315,B000BQRBO6,315
1981,B008LTIYQE,1981
1810,B00775PDN0,1810
2814,B00I5HRFYY,2814
423,B000GUP7UC,423
373,B000FE7GXU,373
924,B001F2ACY6,924
892,B001CEAJ9K,892
3153,B00MJVKKKI,3153
2383,B00CTUW99Y,2383
3885,B016DU8PVG,3885
3481,B00UCS6IX8,3481
948,B001HWA8WU,948
2608,B00FG7BR22,2608
2055,B009GO6CYO,2055
3755,B013Z36FXY,3755
2409,B00D4BIDS8,2409
2650,B00FYTV8U8,2650
2168,B00AU6Y6C2,2168
1815,B00784RS5Q,1815
1568,B005IQTSE0,1568
3124,B00ME75BGK,3124
2660,B00G773LC4,2660
1448,B0051IAWM2,1448
2207,B00B5138SO,2207
2715,B00GU2EBXY,2715
1151,B002XUL1F8,1151
569,B000LXA9RU,569
3491,B00UPSVH36,3491
2568,B00EY44I42,2568
2969,B00JZ18K20,2969
2139,B00AO40QTW,2139
3577,B00XDSI76U,3577
2586,B00F462ZJY,2586
2720,B00GU2GZWO,2720
2670,B00GB03OLU,2670
3819,B015E8DHC0,3819
981,B001NNRWPY,981
607,B000NHTPEW,607
2407,B00D3CTW56,2407
3735,B013G4OMTG,3735
3161,B00MMWDYI4,3161
244,B0009WG634,244
4329,B01G1JWKQK,4329
4267,B01ENB1RHG,4267
1735,B006JR8XBG,1735
1333,B004E77DZ0,1333
1226,B003NRF052,1226
1796,B0070Z9X5Q,1796
2084,B009YA25AK,2084
2339,B00CIVLW10,2339
1916,B0081JQIO4,1916
3434,B00SWGVICS,3434
3618,B00YS3AEYC,3618
1472,B00538ITFW,1472
1551,B005GRGX08,1551
1539,B005FKYSS0,1539
3535,B00W3FAFP0,3535
3201,B00N3ZQHHE,3201
2416,B00DAITFOG,2416
1781,B006XGOYTS,1781
2900,B00J0H3PG0,2900
1919,B00823JDIW,1919
3857,B015YKJPTW,3857
1943,B0085XQSS2,1943
1763,B006UJJKV0,1763
1790,B0070AZJ5O,1790
1312,B00485FCG0,1312
1540,B005FKYU1K,1540
1956,B0089OP1JE,1956
3490,B00UOOBUTM,3490
2972,B00K0TKJCU,2972
4278,B01EX4FAT4,4278
33,B00004WG0Q,33
1388,B004U4911Q,1388
459,B000H9MVWE,459
1079,B00291AXUU,1079
2981,B00K5ZZ0YQ,2981
4286,B01F2LFRYA,4286
1924,B00835OO7Y,1924
3299,B00OVC9T7S,3299
2021,B0095K87QU,2021
2216,B00B6KB72I,2216
828,B0018BNPKM,828
3934,B017MXHLVI,3934
719,B000WFRMBI,719
367,B000F09CEA,367
3909,B017AJ0HSS,3909
3800,B014VM9BWU,3800
317,B000BQUTBS,317
1347,B004JGNT18,1347
337,B000C5I3ZW,337
2513,B00E8JRNU4,2513
905,B001DCYRH6,905
2234,B00BEDW76W,2234
2167,B00AU6Y4E2,2167
2860,B00INL0BTS,2860
280,B000BO93BM,280
3270,B00O5B665I,3270
4108,B01BPXJ290,4108
2705,B00GQNNL1U,2705
4024,B019DT3GIQ,4024
3859,B015ZZCMSC,3859
3458,B00THZJIY8,3458
2472,B00DW24JXW,2472
1863,B007K7I83C,1863
2645,B00FXK6O4S,2645
859,B001ADWE78,859
157,B0002KRABU,157
3801,B014W3ZHT4,3801
1455,B0051SRFOK,1455
4319,B01FPG89CE,4319
3903,B016ZJS1FA,3903
2501,B00E81KESA,2501
1425,B004Y4Z7NS,1425
3231,B00NC42Y64,3231
3708,B011M75UX6,3708
1869,B007O6VF52,1869
431,B000H61YF2,431
2930,B00JFPF0UQ,2930
4180,B01CUPV9KC,4180
690,B000T9W5DW,690
228,B00095V0NC,228
2765,B00HKHW9UU,2765
4127,B01C3EFUF0,4127
850,B0019ZE344,850
2275,B00BXJYO6I,2275
2087,B009YSEW80,2087
3477,B00U2H451G,3477
4281,B01EZ68DO4,4281
4268,B01ENFOHN8,4268
3821,B015GDDXJA,3821
1480,B0053PYFH6,1480
1930,B0083GC8SK,1930
999,B001PTGBSK,999
237,B0009RPSJ2,237
3664,B010CUXFD6,3664
4227,B01E1HANLS,4227
1851,B007GDX93E,1851
1797,B0070ZZB70,1797
990,B001PCZ7GO,990
1016,B001S98EBO,1016
3654,B00ZZYJU2U,3654
3164,B00MN5X084,3164
2661,B00G7XU450,2661
1447,B0051IARUE,1447
1291,B0042TPNF2,1291
1341,B004H87UGS,1341
319,B000BQY9K0,319
2994,B00KHC62HQ,2994
2818,B00I5V2EXW,2818
1807,B0075E9T2Y,1807
3649,B00ZPSXBMQ,3649
497,B000IFF4L2,497
2145,B00APT4S7C,2145
1553,B005H1PLOM,1553
1206,B003GXF4K4,1206
3901,B016XMI8CA,3901
80,B00006I9X4,80
870,B001AXD0EY,870
505,B000ILJZN4,505
1701,B00657NOGO,1701
1161,B00336FYKO,1161
3347,B00Q34D0HC,3347
326,B000BVXVJK,326
2031,B0096N8OWI,2031
2609,B00FG7BWHM,2609
104,B0000DD1EA,104
125,B000132VIK,125
816,B001769IRW,816
3234,B00NFR33NQ,3234
2140,B00AOCKWMU,2140
1576,B005KDD0XQ,1576
893,B001CGUIWQ,893
815,B001769ILS,815
4357,B01GP8V1BC,4357
2839,B00IEROC5A,2839
2590,B00F839VNQ,2590
1235,B003STEJAC,1235
4280,B01EYWUWJ8,4280
2690,B00GM4G5ZM,2690
929,B001FCB4JS,929
2954,B00JQK4PNS,2954
243,B0009WG61Q,243
1012,B001R4CMCM,1012
4211,B01DO3RWX2,4211
1446,B0051BFYPO,1446
1278,B0040003KS,1278
2386,B00CVZ428S,2386
1246,B003X3W3PG,1246
3168,B00MN5X4RQ,3168
1538,B005FIWYX8,1538
768,B0013808U0,768
720,B000WGHZYG,720
1747,B006QIOK8S,1747
705,B000UQ3YAW,705
2116,B00ACBKNS6,2116
1775,B006VYXZLK,1775
1650,B005W17HYY,1650
2786,B00HVGK9S4,2786
1253,B003YDNHDW,1253
2278,B00BXXJBSA,2278
1463,B0052P1QBU,1463
1336,B004EMNIQ8,1336
1304,B0045VKF5K,1304
2110,B00A9ZNCJM,2110
673,B000RB5LP6,673
1194,B003EE8N62,1194
2050,B009EU5ZNO,2050
3828,B015I1D1JM,3828
911,B001DZEETO,911
2934,B00JGPAKY6,2934
3795,B014VM9724,3795
1893,B007X5KAV4,1893
487,B000I19D36,487
1408,B004VRZ6CA,1408
1679,B0064GZBJO,1679
4085,B01B5KO0D6,4085
4282,B01EZTPX5I,4282
1180,B003BW6IS2,1180
2314,B00CBFZCTG,2314
3091,B00M049LK4,3091
4350,B01GJJGRF2,4350
842,B00191LTA4,842
1144,B002VBW360,1144
1075,B002711TOG,1075
727,B000Y1DTRG,727
3712,B011SGW6LA,3712
3313,B00PA3UQNI,3313
3509,B00V8JRF4G,3509
811,B001766LZO,811
3294,B00ONO16TI,3294
2919,B00JA3BMDW,2919
482,B000HQIX2O,482
3731,B013BC8MZ8,3731
4222,B01DWMMJTW,4222
1484,B00548SAP0,1484
3302,B00OYK6G78,3302
2471,B00DVQVJYG,2471
2874,B00ITPHXZI,2874
2817,B00I5RNI8G,2817
484,B000I0DUEK,484
883,B001BLMC1M,883
1497,B0057JB9XG,1497
675,B000RGZHFA,675
1993,B008TT5M2A,1993
618,B000NPT6O8,618
583,B000MN3GQ0,583
4216,B01DPS8DPM,4216
921,B001EWEP7W,921
3603,B00YDJ19ZE,3603
4169,B01CP183UA,4169
2189,B00AZG71H4,2189
1542,B005FSSKJA,1542
579,B000MK9WZC,579
2762,B00HG7F37A,2762
1771,B006UKICJA,1771
1556,B005H78ZI0,1556
2384,B00CVHIJDK,2384
1954,B0089EEWYE,1954
1205,B003GSL4RQ,1205
1140,B002UF6NV8,1140
4078,B01AUAG3NM,4078
1704,B00657XV4O,1704
2124,B00AFCH5XS,2124
1615,B005QSMO3W,1615
1595,B005NJW3CQ,1595
4103,B01BN7QFX4,4103
2455,B00DSSNNGE,2455
3325,B00PLKV5H6,3325
2287,B00C32ME6G,2287
4343,B01GBG2H3E,4343
2851,B00IJ67BJA,2851
4174,B01CSBSWX0,4174
2878,B00IXY1Q94,2878
1633,B005UUQNQA,1633
1406,B004VNCFWI,1406
2133,B00AKX87Y8,2133
2649,B00FYGEFYM,2649
2639,B00FT9VYCK,2639
2259,B00BPBDFYQ,2259
1734,B006JJ7BXU,1734
314,B000BQR7BI,314
3429,B00SSZERWQ,3429
3798,B014VM99YU,3798
782,B0013GB0EU,782
255,B000B4GU90,255
895,B001CJTCYS,895
1011,B001QXR2LA,1011
229,B00096SJ1W,229
2170,B00AU6Y78K,2170
1100,B002CTQYMK,1100
2653,B00FZPFQHM,2653
1659,B005Z4QX2A,1659
2794,B00HWROLIG,2794
3864,B0166FFC96,3864
4318,B01FOC6ADE,4318
1798,B0071NBPE4,1798
1995,B008VGVC5C,1995
3120,B00MB3CV6K,3120
1779,B006WQNHI8,1779
285,B000BP7MFK,285
1645,B005VT602W,1645
338,B000CDP1I6,338
303,B000BQN7K8,303
1854,B007GDY3CU,1854
1173,B0038YY2HM,1173
2016,B0094GM004,2016
342,B000CO88C6,342
3381,B00RC0M8Q0,3381
2707,B00GRK4PUS,2707
1795,B0070YZ41Y,1795
2542,B00ELUOERA,2542
1348,B004K6CEZO,1348
1821,B0079JU6J0,1821
3741,B013L31PQ0,3741
272,B000BO4WSG,272
2043,B009E0E9YK,2043
485,B000I159RU,485
1987,B008PEMR0O,1987
2537,B00EHXKS62,2537
208,B0006O1ICY,208
568,B000LWXQ0I,568
2622,B00FIC4UBU,2622
3073,B00LODGP2E,3073
2632,B00FN6PBQY,2632
1653,B005XDCGMY,1653
2904,B00J0HB1YI,2904
728,B000YFT0A2,728
2743,B00H7VEU06,2743
1154,B002YPA9JG,1154
2281,B00BYQSXPI,2281
786,B0013HT2QW,786
1550,B005GRDZO0,1550
730,B000ZH7G1E,730
1224,B003MA5Z1E,1224
2489,B00E4UOKNK,2489
3630,B00YU43WE8,3630
1787,B006ZB9L1C,1787
665,B000QFN3EE,665
2030,B0096HU13O,2030
943,B001HETINI,943
764,B00137NJQQ,764
2091,B009ZXYI1U,2091
2517,B00E945SJG,2517
586,B000MOI9G6,586
1658,B005Z4QWIK,1658
1967,B008DVURH4,1967
1189,B003E48EUC,1189
940,B001GOAIQA,940
3844,B015OT106O,3844
3941,B017NN0HQS,3941
3843,B015NEDDC4,3843
1875,B007OXK3YY,1875
1661,B005Z4RGDU,1661
4102,B01BKSLI9M,4102
3701,B011BLH464,3701
1370,B004O8Z8E2,1370
753,B0012DNFP6,753
539,B000KL1ZCG,539
732,B000ZN30U4,732
1592,B005N1ZCMC,1592
2363,B00CQLORZ0,2363
2640,B00FUA5C8K,2640
1829,B007B2ABRM,1829
1462,B0052IRYVS,1462
881,B001BHGC7G,881
270,B000BN7DLU,270
4333,B01G5BLJ20,4333
914,B001ECQ41W,914
1584,B005LW4DN2,1584
1910,B007ZUDT1K,1910
4344,B01GBJPOYK,4344
987,B001OW76RS,987
4063,B01AFVLE94,4063
85,B00006U0LF,85
992,B001PEZW7Q,992
4056,B01A8S4TZK,4056
838,B00191HNKY,838
23,B00004SZ5J,23
173,B0002YQUCQ,173
970,B001LQNUT0,970
3050,B00LGBM3J8,3050
1507,B0058I44WE,1507
3687,B010UIW82E,3687
403,B000FN3U8G,403
718,B000WEPG5S,718
1261,B003ZWGD88,1261
3223,B00NAK9TWM,3223
4034,B019M5CY1Q,4034
1037,B001VYQ1HU,1037
1630,B005TLUV8Q,1630
3149,B00MHGH9KY,3149
357,B000E60U6Y,357
1566,B005HYCM8M,1566
2183,B00AWS3QV0,2183
218,B0007UQKY8,218
1939,B0084JFWNY,1939
3259,B00NX3LKY6,3259
739,B0010AZT3W,739
1089,B002BBD6X4,1089
4003,B018YT1PTI,4003
879,B001B2QP3C,879
4089,B01B7ATWIM,4089
4143,B01CCA3CPA,4143
3085,B00LVFDLUO,3085
4270,B01ENFOIQE,4270
2628,B00FJXYKJK,2628
956,B001IRVCJC,956
1610,B005QDUDX0,1610
2712,B00GSZ0ZT2,2712
2192,B00AZUDGE2,2192
2801,B00I0TTU1S,2801
1207,B003GXF5DU,1207
941,B001GXFYQU,941
2760,B00HFQPT08,2760
1178,B003AO3E9W,1178
137,B00022749Q,137
141,B00026Z3HC,141
2235,B00BEPQ0KE,2235
3351,B00Q7V49RQ,3351
2495,B00E6BCXQ8,2495
1720,B006EHYD24,1720
260,B000BD5HEA,260
4171,B01CQA3RB0,4171
499,B000IJYRJ8,499
4137,B01C74DL98,4137
3505,B00V3J8JEG,3505
1565,B005HY9IBQ,1565
1597,B005OD7AEM,1597
3043,B00L9OVCQW,3043
4099,B01BHHYIYS,4099
1740,B006NGI8VS,1740
3973,B018B7D05K,3973
4115,B01BWMS09W,4115
1218,B003K0J4IQ,1218
3383,B00RC5B794,3383
955,B001IGDF7A,955
3110,B00M4D051A,3110
3282,B00OCSPCN6,3282
2315,B00CBIF9K0,2315
4193,B01D4QMUVI,4193
626,B000OFKDXA,626
185,B0002YWNLS,185
2353,B00CO9BX6U,2353
133,B0001NA29U,133
3502,B00V334SME,3502
1271,B003ZZUKQ6,1271
1843,B007D5LJ50,1843
4229,B01E1Z5SG0,4229
294,B000BPPR6G,294
731,B000ZM9P90,731
3236,B00NI1JLXU,3236
3445,B00T57J4UQ,3445
1622,B005T8FXN2,1622
32,B00004WCCP,32
2689,B00GJVLPRG,2689
3439,B00SYG035Y,3439
653,B000PHCEM0,653
2484,B00E1IKGC4,2484
2763,B00HGAKDIQ,2763
1113,B002KNOK9W,1113
1977,B008IFYGLS,1977
3497,B00UWVYA30,3497
1045,B00207CO7I,1045
2725,B00GWFTCYW,2725
1682,B0064H0LRU,1682
2778,B00HSRN0J6,2778
3738,B013JILTKO,3738
4196,B01D8D54OM,4196
693,B000TG80WA,693
3321,B00PIVQ3B6,3321
2623,B00FIVZUW4,2623
3786,B014SB12Q2,3786
474,B000HE5DUG,474
3995,B018UPFWC2,3995
1962,B008CE0R40,1962
3169,B00MNG2T6W,3169
3693,B01143UJK2,3693
3629,B00YT1A5ZG,3629
805,B0015T0LZO,805
3897,B016UKOHFW,3897
2112,B00AA5AICU,2112
2106,B00A7OOSNE,2106
2142,B00AOOIJUU,2142
4253,B01EKEMDA6,4253
2317,B00CBKFJVM,2317
1725,B006H8M24G,1725
1187,B003DTLXLA,1187
1724,B006GOL5CQ,1724
3289,B00OIJNYSY,3289
4362,B01GWD9VU8,4362
3679,B010MZ8T2S,3679
93,B0000CBIFC,93
2435,B00DHLRO1C,2435
3870,B0166GCD42,3870
3611,B00YMM6IQW,3611
5,B0000224MY,5
2482,B00E0NDMBM,2482
1482,B00542U3M4,1482
3685,B010TWURRY,3685
3543,B00W8WCPEM,3543
620,B000NQ4PVG,620
853,B0019ZLIXS,853
3873,B0166JFH24,3873
865,B001AQ3OGA,865
3448,B00T774V7U,3448
2519,B00EA22DSG,2519
2626,B00FJV4IVW,2626
2392,B00CWA3WEC,2392
4149,B01CFJES9W,4149
2410,B00D5WE1HS,2410
2431,B00DFSF9GE,2431
2156,B00ARTK9FA,2156
1105,B002FTOFVY,1105
3281,B00OCG91IK,3281
3957,B01823WXP6,3957
197,B00062W6MM,197
1999,B008X18NWK,1999
754,B0012E0REM,754
3075,B00LORGK7U,3075
3230,B00NC2ZWN8,3230
633,B000OQP1K4,633
1222,B003L14CV8,1222
2236,B00BEZVPQ8,2236
4144,B01CCF46EQ,4144
3241,B00NL3YN10,3241
3595,B00XXZB5LW,3595
2195,B00B0Q4KKO,2195
1494,B00563KZO2,1494
995,B001PNO368,995
3759,B0141MQRGI,3759
21,B00004RHKW,21
2940,B00JJ18VIE,2940
2146,B00AQ29T3Q,2146
3390,B00RR0KZRO,3390
1297,B0043YHD4A,1297
2082,B009XUAA4Y,2082
1726,B006HFGC04,1726
1099,B002CTJKSK,1099
98,B0000DCZ9V,98
3355,B00QBTKHAC,3355
560,B000LNOSFO,560
2943,B00JJ4ZQUM,2943
4163,B01CM9II3C,4163
3332,B00PRY1792,3332
4332,B01G3G4QEA,4332
3374,B00R2CDVIW,3374
4008,B0195UYPQ0,4008
358,B000E62TCC,358
3936,B017MYK8XA,3936
875,B001B17078,875
2096,B00A1SQBPE,2096
2757,B00HFDNMN2,2757
2576,B00EZKEGG0,2576
1403,B004V3RALO,1403
843,B00192D0TQ,843
4101,B01BJ3HE0K,4101
3068,B00LN52TO6,3068
1547,B005GFKOYQ,1547
2402,B00CYYMPN0,2402
3855,B015YGQZUS,3855
165,B0002QTJ0E,165
704,B000UOJF66,704
1409,B004VS67V8,1409
1301,B0045DV04I,1301
4295,B01F2VA150,4295
3278,B00O9YQQJM,3278
3197,B00N2W545E,3197
1925,B00835Q5FS,1925
3904,B016ZMXLEI,3904
3204,B00N41CX6G,3204
4070,B01AKUPDLA,4070
1845,B007DQGKC6,1845
3537,B00W4PH6OC,3537
2504,B00E81MNS4,2504
404,B000FOC8EC,404
3566,B00X4N3SLI,3566
700,B000UCIGCW,700
2294,B00C5TRI3Q,2294
76,B00005JRLD,76
4068,B01AIUBCMG,4068
462,B000H9NE5W,462
4026,B019EIEKHC,4026
3932,B017L9GKGK,3932
4291,B01F2LGAYG,4291
2099,B00A31PT52,2099
2312,B00CALRRYO,2312
1644,B005VR49D6,1644
2574,B00EZBHYV8,2574
3393,B00RU1V6T6,3393
3030,B00L0CM3AW,3030
1912,B0080L9FHA,1912
1689,B0064O97VE,1689
2621,B00FHH7CG6,2621
3503,B00V3ABX2A,3503
1513,B00596QVHG,1513
3089,B00LZKR3G8,3089
2809,B00I5093KU,2809
3066,B00LML33TQ,3066
1783,B006Z58ZQK,1783
1254,B003YHEBBK,1254
2952,B00JPHTPCI,2952
4240,B01E8SPBM6,4240
2049,B009EU5ZMA,2049
669,B000R8ZUG4,669
1223,B003L1W4DQ,1223
1700,B00657N7TS,1700
1773,B006UKICQS,1773
191,B00042KJQ4,191
2441,B00DM27H4K,2441
3935,B017MYK5H4,3935
3728,B01335ZEFE,3728
433,B000H9FW16,433
257,B000B868NE,257
2631,B00FMX7E2M,2631
692,B000TG60I6,692
722,B000WJ4XXY,722
1933,B00841YECM,1933
3387,B00RJPXB6Y,3387
2068,B009OJHSGC,2068
2773,B00HRHB5XA,2773
4258,B01EKEMLHQ,4258
2960,B00JQX470G,2960
2342,B00CJI6T4M,2342
3803,B014YB9M86,3803
1511,B0058TX6NQ,1511
2544,B00ENF272C,2544
3196,B00N2EMZB8,3196
2587,B00F4ORTZ6,2587
2011,B0093J2GM4,2011
290,B000BPGSQ4,290
4055,B01A8DIA8M,4055
4022,B019CZHWW2,4022
974,B001MBADFI,974
3447,B00T76JJU0,3447
991,B001PCZHPU,991
2528,B00EDMHKYU,2528
4242,B01E913IJK,4242
1777,B006VYY578,1777
215,B0007LDJ9Q,215
3425,B00SPNM5XY,3425
2423,B00DCCYD6U,2423
1648,B005W16WT0,1648
1404,B004V3SIR4,1404
2174,B00AVSDYFO,2174
2516,B00E8S2ZR6,2516
3705,B011KSFRKS,3705
1922,B00835ITHK,1922
4,B0000224J0,4
3098,B00M0CS56C,3098
2007,B008ZY9CXE,2007
616,B000NPPBVK,616
1984,B008NH4POY,1984
2624,B00FIYLFKC,2624
1997,B008X0NNEY,1997
3559,B00WW4H8XY,3559
2025,B009622HC2,2025
1738,B006L882NM,1738
3912,B017AR5I8Y,3912
3631,B00YW94HA4,3631
3615,B00YQBDPF6,3615
769,B001381E8A,769
1574,B005KCJ4EQ,1574
3513,B00VDRKMTS,3513
2178,B00AWHS7YC,2178
591,B000MX1N2E,591
2381,B00CTS5PLK,2381
4210,B01DM0E7BM,4210
1248,B003XFR75K,1248
2783,B00HUHGYKG,2783
4305,B01FF8ZMYA,4305
1885,B007Q2GWAW,1885
3824,B015I1CWEM,3824
1828,B007B2AA82,1828
371,B000FBT3UC,371
184,B0002YW5P2,184
1239,B003U6HVBC,1239
2862,B00IO4FJ3C,2862
1156,B002ZDK0U0,1156
2947,B00JKV1FWM,2947
1300,B0045CQ01M,1300
2792,B00HWROHMG,2792
458,B000H9M4GM,458
2477,B00DY9IXFI,2477
725,B000WR034O,725
306,B000BQO3PG,306
1989,B008SDGNCK,1989
519,B000JKGOTW,519
7,B0000225HD,7
686,B000SN6GES,686
3589,B00XTJZB8A,3589
3878,B016A2PGH8,3878
2579,B00F33UIJ2,2579
1941,B008562GD0,1941
413,B000FXUQ10,413
2078,B009RUPQGW,2078
689,B000T6DONA,689
598,B000NCUTCO,598
3840,B015M3K5NG,3840
3486,B00UIAG970,3486
2251,B00BLQ0E4O,2251
3455,B00TDOGRW4,3455
1906,B007Y87C9S,1906
170,B0002V37XY,170
3811,B0156P6YVC,3811
2643,B00FX36W7O,2643
1435,B0050GW73C,1435
3564,B00WXHSU14,3564
3963,B0185FFJOS,3963
2417,B00DBS0N0A,2417
150,B0002E1I6Y,150
4118,B01BYD61JK,4118
1688,B0064O952K,1688
239,B0009SPY04,239
3314,B00PCCWEJG,3314
349,B000CZ4DTC,349
2280,B00BYQLGNY,2280
1955,B0089OOA6O,1955
514,B000JCGU8U,514
1245,B003WRMO5W,1245
1525,B005CD2I50,1525
3882,B016D6DSBW,3882
3366,B00QT9DRWY,3366
3931,B017L17Z1C,3931
3367,B00QT9E2VE,3367
94,B0000CBIHF,94
1890,B007VXJK6E,1890
4152,B01CG2HI0E,4152
2503,B00E81L9U2,2503
3839,B015KP2JJ4,3839
2065,B009KB86BU,2065
175,B0002YTLFE,175
3097,B00M0CS4YA,3097
3017,B00KQG7K0Q,3017
25,B00004T82I,25
2521,B00ECGTK4K,2521
3838,B015KP2F5M,3838
1392,B004UQVQ0I,1392
2676,B00GFLEDRE,2676
2119,B00ADEJVXK,2119
3910,B017AJ0IC8,3910
3876,B0167XCHWM,3876
4284,B01F194DHU,4284
2193,B00B0628E4,2193
1944,B0086FSKY4,1944
3740,B013L2Z2MY,3740
3927,B017J97MVE,3927
4320,B01FROBUXE,4320
590,B000MWFFMY,590
3658,B01066Q10K,3658
1686,B0064O8OYK,1686
1983,B008MIRQUE,1983
3076,B00LORGM28,3076
1668,B0060EUA32,1668
913,B001E5ZWT4,913
1801,B0074II2K6,1801
3607,B00YG1PICO,3607
2788,B00HWRO9MY,2788
2089,B009ZDDLVI,2089
882,B001BLKL4W,882
3292,B00OK6CBMU,3292
2674,B00GDH4YCO,2674
242,B0009WG61G,242
2592,B00F9MNMAY,2592
3571,B00X9H22SO,3571
643,B000P0S6TC,643
3041,B00L5IUWZY,3041
4246,B01EC765WI,4246
3135,B00MEDFF7E,3135
2001,B008YA6BWE,2001
4233,B01E6HY7MO,4233
216,B0007LQH86,216
614,B000NJJJSW,614
1197,B003F960Z2,1197
1119,B002NQPEE6,1119
638,B000OVHW24,638
755,B0012IWMLO,755
3285,B00ODSS5J8,3285
1309,B0046HAC8S,1309
331,B000BVZBDO,331
658,B000Q5ZOIW,658
2243,B00BHLE6MO,2243
1274,B003ZZWGJ0,1274
1884,B007Q2GB5S,1884
83,B00006ICOR,83
2899,B00J0H1QNY,2899
3750,B013SBBUGK,3750
2117,B00ACF6QTC,2117
2398,B00CXCFUOY,2398
1757,B006SJIA0Y,1757
1232,B003PDNEBQ,1232
2415,B00D8TROP4,2415
965,B001KVM2H2,965
3773,B014H42CXW,3773
3826,B015I1CZUI,3826
1808,B0076AY6J8,1808
1468,B0052Y4I9S,1468
2246,B00BKFHPJI,2246
804,B0015S6GMM,804
918,B001EPQ62Q,918
619,B000NPUKC0,619
1181,B003BZRIBK,1181
694,B000TG80X4,694
3768,B0147CJTSA,3768
2526,B00EDK5GIE,2526
1091,B002BBGTK6,1091
2681,B00GI2CIQS,2681
1243,B003VAY4SA,1243
3049,B00LGB2N1Q,3049
1868,B007LQC3Q0,1868
566,B000LVMJ7U,566
2355,B00COGNWXA,2355
763,B00132G102,763
3202,B00N40XL86,3202
3942,B017OFTGAS,3942
3024,B00KWFV58O,3024
2313,B00CAO5Z0E,2313
1794,B0070YYOX8,1794
1213,B003JQJO6I,1213
318,B000BQWXTE,318
304,B000BQO15I,304
1932,B0083Z2TQ2,1932
2370,B00CR8ZRE2,2370
1366,B004NQMCWQ,1366
2582,B00F3HUTKG,2582
3981,B018HQQ2T6,3981
2421,B00DCAIU3Y,2421
3666,B010GWZOUW,3666
759,B0012VPGTG,759
2486,B00E1RSUDW,2486
3279,B00OAAUAX8,3279
801,B0015ENO6W,801
959,B001JYQ852,959
4384,B01HEQVQAK,4384
920,B001EUG9PU,920
2220,B00B7GQY3S,2220
3413,B00SE4TFD2,3413
249,B000AMC5WY,249
3103,B00M0UHG5U,3103
64,B00004Z2HY,64
1895,B007XRCUGK,1895
418,B000GFOXM0,418
1445,B00511PK2G,1445
2866,B00IPEZKBW,2866
871,B001AXF416,871
3145,B00MF03VLS,3145
87,B000087KUA,87
3943,B017OMRP5Y,3943
2488,B00E3KWHPE,2488
1892,B007X0OICG,1892
2671,B00GB9L4BI,2671
3269,B00O47ILVA,3269
3162,B00MMYDAQI,3162
1137,B002TTI9JO,1137
1414,B004X2HXPQ,1414
4133,B01C5QR4HS,4133
189,B0002ZPEZY,189
3331,B00PQD7GRQ,3331
2474,B00DWX8PM2,2474
4337,B01G82SJRY,4337
3188,B00MVIYNFW,3188
2467,B00DVGGWC0,2467
2083,B009YA1Q2S,2083
2959,B00JQK54M4,2959
1862,B007K6LHYU,1862
548,B000LDEP0C,548
3182,B00MVIPG80,3182
3717,B0128T2KJ4,3717
2172,B00AUB7M3C,2172
2793,B00HWROKAK,2793
511,B000J2DI2Q,511
2176,B00AWCGLRW,2176
3352,B00Q9YBIJI,3352
3860,B0161KS8DS,3860
2798,B00HWZS7D8,2798
2873,B00ITE2IE0,2873
1680,B0064GZCIE,1680
1160,B0032YYOFS,1160
4104,B01BNE0HBS,4104
2464,B00DVBPPGY,2464
2173,B00AUDQWXQ,2173
2305,B00C7Z9ZAW,2305
4082,B01B3NDFW2,4082
3950,B017SGCWX6,3950
183,B0002YVMVK,183
2255,B00BMLCGF8,2255
2865,B00IP87H5U,2865
347,B000CSS8UE,347
4062,B01ADK3D8W,4062
263,B000BD8MFQ,263
726,B000X92M6I,726
3879,B016APV7SM,3879
1492,B0055HPPSA,1492
2340,B00CIZY9R0,2340
1767,B006UKIABA,1767
142,B00027CCCU,142
3185,B00MVIPNLU,3185
1402,B004V2MYUM,1402
3596,B00XY76XGG,3596
982,B001NSYSSI,982
1050,B002091LQG,1050
3682,B010MZ8UMC,3682
3246,B00NOLPFOS,3246
2122,B00AF1UMJ8,2122
3460,B00THZK97I,3460
2856,B00IMNV0L0,2856
540,B000KL3WJU,540
397,B000FMZ3B4,397
3565,B00X097XLW,3565
1946,B0087RGCGO,1946
16,B00004R9U1,16
2634,B00FNSUS6U,2634
3783,B014OQY40W,3783
2925,B00JERRES6,2925
174,B0002YTBWC,174
2641,B00FVT8I22,2641
1270,B003ZZUJT4,1270
1211,B003JOSPIS,1211
747,B0011YY9YM,747
4113,B01BVATI82,4113
75,B00005JRLC,75
1913,B0080XSES4,1913
3108,B00M40S1UU,3108
416,B000GAT7V2,416
1214,B003JQJP8U,1214
3070,B00LNI44KU,3070
919,B001EQC1VA,919
258,B000B9V20W,258
4110,B01BRUHKYU,4110
2673,B00GD7BW9C,2673
681,B000S75K7S,681
3758,B0141L81KY,3758
3619,B00YSOZFQI,3619
1545,B005GDFQT6,1545
592,B000N2VP3Q,592
4279,B01EY6OQXC,4279
2447,B00DN7MSXY,2447
1069,B0026GO5CA,1069
1986,B008PEMNJY,1986
1029,B001UL4INI,1029
1227,B003O509PY,1227
2687,B00GIYLQPK,2687
529,B000K7U544,529
547,B000LDE9C6,547
3221,B00NAK9JFO,3221
3450,B00T8BJ3SM,3450
493,B000I5LDVC,493
2699,B00GO5X3E0,2699
3907,B0177PN6SI,3907
3019,B00KRRBROE,3019
4132,B01C53HRLY,4132
2768,B00HPNFD5C,2768
3516,B00VEDFAH0,3516
2883,B00IYFOBQW,2883
2034,B009751Y3Q,2034
3555,B00WLIQHQ0,3555
3427,B00SS1BK2A,3427
4244,B01E91Q6OE,4244
3026,B00KX26N8S,3026
53,B00004YYDG,53
3006,B00KMPJ8DS,3006
3388,B00RKNL5GI,3388
3865,B0166FFCCS,3865
3605,B00YER6OU0,3605
1225,B003NAYQH2,1225
4081,B01AXUT6VA,4081
3419,B00SL0U3RG,3419
2560,B00EU70ZL8,2560
2153,B00ARJOWG2,2153
3852,B015W7PWRG,3852
4269,B01ENFOIPK,4269
147,B0002BFZ7U,147
2995,B00KHKHXBC,2995
555,B000LJNJOE,555
3194,B00N1RHASY,3194
1517,B005AWYB2Q,1517
1314,B004A709XM,1314
1580,B005LDG7HQ,1580
4220,B01DU3V0CA,4220
1252,B003YDLX3I,1252
949,B001HWCZH6,949
180,B0002YU4XM,180
3825,B015I1CYFE,3825
533,B000KKUGPO,533
1575,B005KDD0KY,1575
799,B00153HUIG,799
942,B001HBNFG2,942
2991,B00KFKP47O,2991
3192,B00MWLD8UO,3192
3514,B00VE4ZUT2,3514
3542,B00W8FL5BS,3542
153,B0002FTZOA,153
1485,B0054RJ7AS,1485
1303,B0045LQFTK,1303
3636,B00ZAUQZTA,3636
2163,B00ATRYG86,2163
565,B000LPN3YY,565
3993,B018RDZ3HG,3993
4136,B01C6OFIDQ,4136
3391,B00RR0L898,3391
1440,B0050NGB6O,1440
1380,B004S7SPXK,1380
1508,B0058SORF8,1508
3297,B00OU7SW2W,3297
3037,B00L3HXG00,3037
2604,B00FF4UXM6,2604
550,B000LDPX7Q,550
2164,B00AU6XZWO,2164
3752,B013VP0JJM,3752
1878,B007PKBCAA,1878
4204,B01DD07PTW,4204
131,B0001MSC84,131
856,B0019ZYABK,856
4145,B01CDWC60Y,4145
2613,B00FGDP7K4,2613
2570,B00EZ8PR1U,2570
3452,B00TBQMH6O,3452
3614,B00YQBBZ8A,3614
3154,B00MJVQR7I,3154
1873,B007OXK1WI,1873
2060,B009IS86ZG,2060
1442,B0050RJ9OQ,1442
442,B000H9FZC2,442
3421,B00SNM8VIK,3421
2541,B00ELI7SBG,2541
1620,B005SHT3PI,1620
246,B0009XCEUC,246
440,B000H9FXEM,440
2740,B00H4ZSGXC,2740
3253,B00NQB718E,3253
2238,B00BGBDJUK,2238
520,B000JQG338,520
2897,B00J0GQ2OS,2897
2518,B00E9YQQSS,2518
3861,B0161OMDQ2,3861
47,B00004YSW8,47
3962,B0185FDWGU,3962
2427,B00DE7L000,2427
2015,B0094FPJ4O,2015
702,B000UKUHXK,702
1628,B005TGNNAO,1628
3401,B00S298KJO,3401
2993,B00KH7RFVI,2993
2502,B00E81L0A6,2502
1479,B0053PYFGM,1479
3228,B00NB3SYGK,3228
1985,B008P5QF1K,1985
2150,B00AQKIEXY,2150
3373,B00R2AOIYK,3373
4146,B01CE4H5PC,4146
2338,B00CIFW76K,2338
1750,B006R9OTS2,1750
609,B000NHZZ2I,609
1643,B005V9V2BG,1643
1022,B001T8MTWO,1022
2718,B00GU2GJXE,2718
91,B00009YUMG,91
40,B00004Y693,40
4052,B01A7AVQKA,4052
1437,B0050GWAVG,1437
4120,B01BZ5ND8O,4120
3610,B00YML13OU,3610
4356,B01GOLSUAU,4356
163,B0002Q8TP0,163
3634,B00Z5KETD4,3634
2210,B00B5HKUCK,2210
2543,B00ENEXREA,2543
1284,B0040ZOF48,1284
1393,B004UUADHQ,1393
2867,B00IQCHQPQ,2867
2147,B00AQ29ZIA,2147
3500,B00UZR9QKS,3500
4168,B01COSN7O6,4168
2487,B00E3JGGF2,2487
259,B000B9W2GU,259
1529,B005DLBXWU,1529
779,B0013CQ6DY,779
810,B001764OQC,810
740,B0010E5RAI,740
2665,B00G9QWP9S,2665
4263,B01EKFVCDO,4263
1240,B003U6IAXA,1240
849,B0019ZDL92,849
4238,B01E7S7HZ6,4238
2728,B00GYJRXBK,2728
4247,B01ECAQPWA,4247
1326,B004CRUWVY,1326
1162,B0035B3ULW,1162
2538,B00EJVFVSW,2538
2215,B00B5XJW7I,2215
1057,B0022MFPOK,1057
1573,B005K2TXMO,1573
3792,B014VM95EY,3792
1951,B0088AQFE4,1951
863,B001AH8GNU,863
4197,B01D8E6MJC,4197
1262,B003ZZS4AA,1262
409,B000FW11JW,409
3623,B00YSPIKD2,3623
1660,B005Z4RA5O,1660
3465,B00TNNWMXI,3465
3494,B00UVNXJEU,3494
278,B000BO8OEY,278
3779,B014LLEWTS,3779
186,B0002YX98O,186
3340,B00PX52C7Q,3340
1603,B005PUC5KS,1603
835,B0018RUGA8,835
1275,B003ZZY99K,1275
1552,B005GRULGK,1552
2905,B00J0HC4QC,2905
1159,B00315CWXE,1159
1594,B005NIBEYU,1594
2125,B00AFXIOIM,2125
118,B0000DI7WZ,118
2836,B00IDCYKEY,2836
685,B000SKX0N6,685
3955,B0181LX6JQ,3955
1072,B0026K1YCK,1072
417,B000GAUZ3Q,417
3415,B00SF4YXYC,3415
96,B0000CBJ7W,96
3,B00002246J,3
2194,B00B0Q4AGS,2194
734,B001005IWE,734
3525,B00VQSP1BS,3525
4234,B01E6RJ6WK,4234
4084,B01B41K7OM,4084
1907,B007Y8UX80,1907
1865,B007KDYOMU,1865
2941,B00JJ192NW,2941
2322,B00CCGK3GG,2322
2371,B00CR8ZV1Q,2371
4013,B0196B285I,4013
4005,B0194CCVVU,4005
3219,B00NA00GJW,3219
3170,B00MO817WQ,3170
364,B000EJ332O,364
3397,B00S0638VO,3397
2727,B00GYJPGW8,2727
8,B0000225IO,8
2343,B00CJIAPN8,2343
2424,B00DCES1TI,2424
4131,B01C3ZZTB4,4131
2559,B00ET8RA4S,2559
3896,B016SH9ITC,3896
2753,B00HC4UP52,2753
2283,B00C0Q5O94,2283
4326,B01FYUF5Q4,4326
3868,B0166FFCIM,3868
1327,B004D4V6HU,1327
4001,B018Y3K2H0,4001
2004,B008YFTTGO,2004
1968,B008ELGY6Q,1968
366,B000EM91FO,366
4044,B019WTZK7M,4044
3544,B00W8YFSPI,3544
2682,B00GI8GR9Q,2682
3482,B00UG08QDC,3482
1467,B0052PLYXA,1467
2651,B00FZLPCKC,2651
277,B000BO7D6O,277
2950,B00JMX1KQY,2950
4294,B01F2UR2M6,4294
608,B000NHZYJM,608
1714,B0069TW6DU,1714
1330,B004DGIITC,1330
3835,B015IHMOSK,3835
1043,B001YHL5BG,1043
2656,B00G3EHATG,2656
4173,B01CS2OFBW,4173
932,B001FSDG0C,932
1090,B002BBF9SY,1090
374,B000FED5E4,374
1371,B004P4OB4S,1371
3183,B00MVIPH0W,3183
3010,B00KNNSKV0,3010
1744,B006PKMU7U,1744
3734,B013FIC2LI,3734
332,B000BVZBRU,332
78,B000067S12,78
3307,B00OZSL8UE,3307
3908,B0179OU8K6,3908
778,B0013CM0KW,778
1690,B0064O9B7E,1690
323,B000BR7JUG,323
2152,B00AQVYWA2,2152
1250,B003XZFIF6,1250
2955,B00JQK4RSG,2955
3337,B00PUX9A4Y,3337
2204,B00B5134FG,2204
339,B000CFNKBO,339
84,B00006U0KV,84
471,B000HDF8MU,471
2269,B00BUB5JOA,2269
36,B00004WLKI,36
160,B0002Q8TKU,160
3079,B00LPSD346,3079
538,B000KL1YZO,538
3570,B00X9D4NBW,3570
355,B000E14F56,355
1134,B002T44RI6,1134
2395,B00CX2IV7M,2395
3488,B00UMV7AEG,3488
793,B0013TVEYS,793
2459,B00DUW3SU4,2459
213,B000796XXM,213
2914,B00J2N3QQQ,2914
2916,B00J5940JE,2916
1826,B007AIJZO2,1826
2356,B00COGPZFS,2356
2408,B00D3CVY5W,2408
4283,B01F07UMNW,4283
4328,B01G17KPDC,4328
206,B0006J3DOA,206
1606,B005QDP1GY,1606
2452,B00DRUWPM6,2452
1292,B0043570IS,1292
1598,B005OZ9H9G,1598
2404,B00D0XJCV2,2404
3128,B00ME7CKOG,3128
3633,B00Z36EQLU,3633
1316,B004AJVC7M,1316
3271,B00O5BB1LC,3271
1766,B006UKI830,1766
738,B0010AQVIE,738
1257,B003YL45BW,1257
2391,B00CW9QUME,2391
1028,B001UHMNW0,1028
4373,B01H3JGYYG,4373
2876,B00IVHB1WU,2876
1858,B007I2IRG2,1858
2863,B00IO9PBPS,2863
4188,B01CXPE4BK,4188
3975,B018E4BZO8,3975
2075,B009PTN36A,2075
3240,B00NL2P9IW,3240
1465,B0052PLE4E,1465
3781,B014ONCP88,3781
467,B000H9QUIK,467
789,B0013P6ZJQ,789
3362,B00QRR292C,3362
3493,B00UV4A93S,3493
194,B00062N42S,194
2169,B00AU6Y6X6,2169
3657,B01066AAOS,3657
3582,B00XH9Y7FU,3582
928,B001FC5O8U,928
379,B000FIDTYG,379
2701,B00GORWKB0,2701
2746,B00H88YNRS,2746
1038,B001VZ8SBQ,1038
2253,B00BLUE522,2253
4377,B01H6J5QYC,4377
3126,B00ME7A1II,3126
4187,B01CXOQMJ8,4187
937,B001GM8PPS,937
4334,B01G5ROXA4,4334
2524,B00ED2F07O,2524
67,B00004Z4AI,67
42,B00004YMDF,42
4376,B01H61AS2A,4376
1458,B0051X4EJ4,1458
796,B0014C09XG,796
836,B0018S0WBK,836
2880,B00IYFNT4M,2880
2758,B00HFHPPQ0,2758
501,B000ILG0M8,501
386,B000FMQ1TW,386
2430,B00DF9YVTE,2430
3523,B00VKSVMOY,3523
3766,B0146RKJRQ,3766
3647,B00ZMWVA96,3647
760,B0012YKRT2,760
896,B001CTCGS2,896
2063,B009K6OF5G,2063
3520,B00VILVV62,3520
2201,B00B3Y6WK4,2201
1356,B004M02K7A,1356
3148,B00MGGTZ48,3148
3341,B00PXIEK50,3341
968,B001L5U29W,968
2989,B00KB8K85S,2989
2008,B0090JS6WQ,2008
400,B000FN15YM,400
3357,B00QEYADRQ,3357
1804,B00755XY2Y,1804
2984,B00K7GW03W,2984
3858,B015ZZCKW0,3858
18,B00004RH8J,18
2394,B00CWQVXAG,2394
954,B001I9UMQ4,954
1861,B007K4UKXG,1861
1294,B0043F4YLO,1294
3487,B00UKQHET4,3487
3199,B00N3FPP54,3199
4060,B01ADA7TPU,4060
2732,B00GYW39KG,2732
1788,B006ZFNB2I,1788
3787,B014UANTGW,3787
2457,B00DU7XEB2,2457
2564,B00EW2MC9Y,2564
4257,B01EKEMKPO,4257
3403,B00S4TS80S,3403
2033,B0096TWKCW,2033
3793,B014VM95IK,3793
3200,B00N3FQ9AO,3200
1991,B008TSWJ9A,1991
2772,B00HRHAZ9U,2772
637,B000OUZB8W,637
2834,B00ID8IUJY,2834
1898,B007Y7ETOU,1898
1209,B003H057IU,1209
1722,B006G8WORM,1722
1358,B004M8T2JG,1358
4153,B01CG7C1TM,4153
2070,B009OJZZJY,2070
164,B0002Q8TPU,164
2092,B00A15YHJY,2092
1857,B007HU6G22,1857
557,B000LN12Y4,557
3688,B010UMXSAG,3688
1770,B006UKIB0A,1770
3846,B015QUPO5Y,3846
1237,B003TV9LQG,1237
4251,B01EK6XFVA,4251
1905,B007Y7ILA8,1905
372,B000FCIP0U,372
4080,B01AUUWKRU,4080
2868,B00IQDSDBQ,2868
3690,B010Y25PQC,3690
4094,B01BDL4DSY,4094
3775,B014JNFOWW,3775
2349,B00CLCIN54,2349
226,B0008JIQVI,226
1847,B007FK8O56,1847
3119,B00MB2W47W,3119
2454,B00DS2EC74,2454
2677,B00GGAAPD0,2677
2998,B00KHTUUSQ,2998
2514,B00E8JST6Q,2514
851,B0019ZGU1S,851
3053,B00LH0S5MW,3053
1728,B006IOZ2TG,1728
4021,B019CY4FB4,4021
4223,B01DXAFZ94,4223
723,B000WMIROM,723
824,B001889SBA,824
2038,B0098PNZLO,2038
1374,B004Q0JRXQ,1374
977,B001N7UWW0,977
2400,B00CYA6I46,2400
1846,B007FER2IW,1846
1632,B005UA2WNI,1632
3675,B010LDZKSW,3675
742,B0010XFTQ6,742
1822,B0079LWFQK,1822
14,B00002ND6L,14
1434,B005002TS6,1434
1422,B004XR5W5E,1422
1426,B004Y960MU,1426
211,B0006OLG9Y,211
2500,B00E81K1NI,2500
57,B00004YZQW,57
3412,B00SD6F6FC,3412
578,B000MI70GW,578
1070,B0026GSYE0,1070
2229,B00BCH4WTA,2229
909,B001DTNDME,909
4067,B01AI10NQ6,4067
3220,B00NA00MWS,3220
784,B0013HJBA4,784
3563,B00WX5TGFU,3563
860,B001AEBLMQ,860
504,B000ILJZDY,504
767,B00137WP5C,767
4093,B01BDL4BNG,4093
3237,B00NII1KOG,3237
2953,B00JPTKFRU,2953
1505,B0058DQK2Q,1505
1331,B004DGZ9JE,1331
1163,B0035FZU2U,1163
129,B0001EJIXK,129
3093,B00M0CS1FC,3093
2121,B00AF0ODGM,2121
3057,B00LH0SXAQ,3057
930,B001FD6WZ8,930
146,B0002BBX3U,146
3407,B00S7TK40C,3407
964,B001KUWGHE,964
4158,B01CKV1Q18,4158
289,B000BPF4JG,289
1654,B005XUHKSM,1654
516,B000JFL7RG,516
2968,B00JXQZ8CC,2968
1428,B004Z0RLL2,1428
3336,B00PU0W35K,3336
3077,B00LPAT3DE,3077
2535,B00EH6IZ6Y,2535
2615,B00FGDX3FA,2615
2245,B00BJMVK02,2245
351,B000DZBHLI,351
2094,B00A1SQAY6,2094
425,B000H5OXPQ,425
3273,B00O8RIYYU,3273
580,B000ML0R9G,580
3616,B00YQBF0ZY,3616
2668,B00GAEOHHM,2668
109,B0000DD23N,109
3762,B0143LD8QY,3762
1917,B0081TJJDG,1917
310,B000BQPDXC,310
3045,B00LAJNM7S,3045
4231,B01E5E5IY4,4231
927,B001FAT8A2,927
2129,B00AH21QO0,2129
521,B000JTKSQ8,521
2704,B00GQNN70A,2704
3921,B017EOLHME,3921
3469,B00TRAUSYW,3469
1812,B0077RAP1I,1812
140,B00024JE5Q,140
1142,B002ULILIK,1142
3832,B015I1D728,3832
4036,B019Q7OFJE,4036
3105,B00M1RC0YY,3105
3671,B010LBUQ3I,3671
1646,B005W0UWCY,1646
1581,B005LL2XBM,1581
3267,B00O2LLT30,3267
333,B000BVZBS4,333
123,B00012YD96,123
1669,B0060FGA8A,1669
2841,B00IEZH538,2841
3426,B00SS0GS64,3426
328,B000BVXW3U,328
4232,B01E5TXX8C,4232
3449,B00T7EI7B4,3449
1998,B008X10YRC,1998
680,B000S395R8,680
1053,B0020ZT8QU,1053
473,B000HE5AV8,473
4230,B01E2MVOI8,4230
1059,B0024J97BI,1059
958,B001JT72D4,958
1477,B0053PYDQO,1477
809,B001717PGI,809
3863,B01625X36E,3863
1115,B002LL0BIC,1115
1111,B002J9SIOU,1111
3668,B010LBJO04,3668
1723,B006GG0TDK,1723
378,B000FH2Y9S,378
1267,B003ZZUJFS,1267
4383,B01HDXZR5E,4383
4205,B01DDI54II,4205
1947,B0087UBCIE,1947
3628,B00YT12Q08,3628
460,B000H9N9PM,460
2085,B009YLHEJG,2085
4190,B01D0HA3LK,4190
2333,B00CH3QZSE,2333
348,B000CST1L4,348
3940,B017NH9UFI,3940
874,B001B0E7M0,874
2109,B00A8O0E5Y,2109
3069,B00LNFU1OG,3069
1491,B0055E8620,1491
4335,B01G6EMOKW,4335
1030,B001ULCB1O,1030
1279,B0040FG9DI,1279
2115,B00AB5XBGY,2115
3917,B017EOLGBQ,3917
2729,B00GYS1SXU,2729
3990,B018QHQSB8,3990
4358,B01GQMTYI4,4358
2498,B00E6BD948,2498
3560,B00WW6RE1I,3560
2520,B00ECCZWWI,2520
4303,B01FCZ8I3I,4303
957,B001JT09FM,957
3763,B01461R89O,3763
1415,B004X2JBPQ,1415
284,B000BOE8BM,284
2219,B00B786TXG,2219
766,B00137PW6Q,766
469,B000HBM80M,469
19,B00004RHAO,19
986,B001OEJULG,986
4260,B01EKEMQ0S,4260
3953,B017XHDTJ6,3953
3308,B00P1185U0,3308
3599,B00Y6RCY8O,3599
1816,B0078MYO00,1816
92,B0000A605H,92
41,B00004Y75M,41
1909,B007Z4DKGU,1909
2780,B00HTXR6MG,2780
1655,B005YX0A1M,1655
275,B000BO5CGW,275
3280,B00OCCGYJS,3280
2179,B00AWK04IQ,2179
4221,B01DVYLJ3S,4221
3062,B00LKL2E0W,3062
2696,B00GN51OIS,2696
2010,B009377CQQ,2010
2889,B00J06IPQG,2889
3648,B00ZP3XCS4,3648
597,B000NBKLOQ,597
444,B000H9JCE4,444
617,B000NPR3XY,617
2966,B00JVVE6N6,2966
3893,B016Q6T7Q4,3893
3328,B00PM1FKUC,3328
1792,B0070YPDDS,1792
2806,B00I4ABY4E,2806
1778,B006WMRVS4,1778
3330,B00PPMU3XM,3330
3754,B013Z36EOY,3754
3774,B014I4OESM,3774
100,B0000DD0C7,100
1355,B004LYNR1A,1355
1476,B0053PYDFA,1476
1762,B006U4E9F2,1762
545,B000L8BHJE,545
134,B0001SR4NM,134
335,B000BY21ZC,335
2081,B009XE8GBO,2081
765,B00137PA90,765
2957,B00JQK4WGI,2957
2393,B00CWQLV1M,2393
1745,B006PKMW4Q,1745
3210,B00N51OOJE,3210
308,B000BQOPM2,308
910,B001DZDCNS,910
584,B000MN4T3E,584
2982,B00K7003B4,2982
1849,B007G5LC4K,1849
2511,B00E8JRD22,2511
2620,B00FHFV9AI,2620
1953,B00899WQ6U,1953
4154,B01CGVJ9MU,4154
4017,B01983NYD4,4017
3264,B00O1Q2HOQ,3264
884,B001BNO7AE,884
1554,B005H38RNC,1554
2828,B00IB01XDO,2828
4025,B019EFES0O,4025
2196,B00B0Q5ZW6,2196
2187,B00AZBIV9Q,2187
3926,B017J1J4DQ,3926
116,B0000DH4JZ,116
3409,B00SAEEMHK,3409
2974,B00K243MIQ,2974
1324,B004CI9NRM,1324
2581,B00F34V2ZA,2581
1444,B0050Z5352,1444
389,B000FMW8US,389
4175,B01CTEAD88,4175
3622,B00YSPCN76,3622
857,B001A16TRG,857
696,B000TGEFV0,696
1600,B005P52WPG,1600
2190,B00AZM59FY,2190
1251,B003Y49R7G,1251
288,B000BPEPNW,288
1936,B00843KK9Q,1936
3190,B00MWL8VL0,3190
3689,B010XPSWGA,3689
3947,B017R4OP3Y,3947
4271,B01ENU2YJ2,4271
1675,B0062O6UPW,1675
3680,B010MZ8T5K,3680
4307,B01FFV2TOS,4307
2882,B00IYFOAWM,2882
4203,B01DBJIPWQ,4203
1866,B007KM0CWC,1866
1478,B0053PYF62,1478
3476,B00TZW05OA,3476
4324,B01FX8SR8A,4324
2022,B0095N2SY4,2022
2675,B00GDUK0J2,2675
2336,B00CHTJXPK,2336
110,B0000DD4BS,110
945,B001HRMJ54,945
3720,B012APXT96,3720
2372,B00CRCZHLQ,2372
797,B0014DEXNM,797
4151,B01CFXISVW,4151
3997,B018WRJYUE,3997
3753,B013WHOEMW,3753
1811,B0077RADFQ,1811
2358,B00CP3CZVC,2358
582,B000MN1PLI,582
2249,B00BL2RPEK,2249
2619,B00FHEL74C,2619
630,B000OMHIHM,630
2691,B00GM4Y59U,2691
1743,B006PKKXM4,1743
2663,B00G9FR26U,2663
2738,B00H222E8A,2738
2591,B00F9MKIHY,2591
3283,B00ODD5MD0,3283
621,B000NV4DJA,621
4316,B01FKXRYT6,4316
4037,B019QFND1C,4037
1461,B0052EE1EU,1461
1774,B006VCGSP2,1774
1825,B007AGG5VK,1825
452,B000H9K2YI,452
2202,B00B42Q1CE,2202
3711,B011RZDAKS,3711
2013,B0093OCTYE,2013
2098,B00A2G3G7G,2098
3038,B00L48YJC2,3038
3827,B015I1D1JC,3827
907,B001DSKBXE,907
3567,B00X74FNVW,3567
946,B001HT2GXC,946
2086,B009YM7Z2Q,2086
2816,B00I5HRJ9U,2816
2286,B00C20FV78,2286
1483,B00548585A,1483
3211,B00N51OT6C,3211
2138,B00ANYYY5U,2138
1636,B005V9USK2,1636
2983,B00K73TSLM,2983
182,B0002YUZ22,182
2747,B00H8AG21Q,2747
212,B00070FYZE,212
3780,B014OMFU1I,3780
1902,B007Y7I8AG,1902
684,B000SBLM1C,684
3770,B0149IDI34,3770
231,B0009F86SE,231
132,B0001N4700,132
862,B001AH7DZW,862
1171,B0038O8LY2,1171
2795,B00HWROMW6,2795
4134,B01C6BRXLY,4134
4139,B01C82SYZ0,4139
3112,B00M4X5J20,3112
2988,B00K85B4NE,2988
3480,B00UBWJDZU,3480
1613,B005QS7OXC,1613
2290,B00C37BB1A,2290
2359,B00CPFQAK2,2359
2648,B00FY7QIIM,2648
3475,B00TYT0WOC,3475
1006,B001QFZS6E,1006
1040,B001W6Q4Q0,1040
1980,B008LT4AIU,1980
1167,B0037V0TZU,1167
2669,B00GAV9SVU,2669
22,B00004RHKX,22
4342,B01GB9N0R8,4342
1596,B005O0V01E,1596
3260,B00NXJDQV0,3260
1389,B004U6DJI0,1389
3115,B00MA1WHXA,3115
2875,B00ITZOL3K,2875
3031,B00L0ZTNSO,3031
2935,B00JHKTDMA,2935
3424,B00SPNM5BQ,3424
1760,B006TVMHT6,1760
2588,B00F5DS7J8,2588
1634,B005UYVIXO,1634
352,B000DZBLNC,352
3466,B00TO7NHBY,3466
3252,B00NQ82OM0,3252
1639,B005V9UYUQ,1639
1064,B0025PZSFA,1064
46,B00004YOL4,46
3613,B00YQBAFX6,3613
35,B00004WLKB,35
2821,B00I8NM6JO,2821
1136,B002TN1NMK,1136
2241,B00BGMM8TW,2241
4273,B01ESTJUL8,4273
2413,B00D7M6692,2413
961,B001JYX7LA,961
1114,B002KYE190,1114
330,B000BVXWFI,330
461,B000H9NDW6,461
509,B000IZY4PO,509
3833,B015I1D7FK,3833
3836,B015IR1DAU,3836
2597,B00FD5L3XK,2597
792,B0013TVEWA,792
122,B00012XCR0,122
4122,B01BZPZ0KS,4122
2297,B00C6C05AA,2297
2217,B00B6KNJRY,2217
2716,B00GU2G1Y6,2716
320,B000BQY9XW,320
3022,B00KSTZGNE,3022
1522,B005B8LZCI,1522
3067,B00LMPP5Y8,3067
1548,B005GK3IVW,1548
29,B00004UDJX,29
414,B000FZ2UOY,414
2811,B00I53B2TC,2811
2307,B00C8SOG3E,2307
3290,B00OJPU24Q,3290
247,B0009XEQ3A,247
3641,B00ZBCLJSY,3641
240,B0009V1WXY,240
1083,B0029XS6KW,1083
636,B000OUZB8C,636
3714,B011VGASLW,3714
3172,B00MQR93QC,3172
1368,B004O3OP2S,1368
960,B001JYWWWU,960
1438,B0050HGZC0,1438
3474,B00TY67LR6,3474
585,B000MN6QTY,585
2870,B00IRIRLEK,2870
4365,B01GXQMP66,4365
4023,B019DSZQ9O,4023
3883,B016D737Y4,3883
368,B000F4OYMQ,368
1420,B004XR5UNI,1420
2311,B00CAG22W6,2311
162,B0002Q8TNM,162
384,B000FKBXCE,384
1855,B007GT7U8I,1855
1789,B006ZFQNT6,1789
1385,B004TUEAVM,1385
2891,B00J0ECR5I,2891
2161,B00ATNT4SC,2161
2692,B00GM7KAR8,2692
1231,B003PDNEB6,1231
321,B000BQYCES,321
3956,B0181Z4M4A,3956
1175,B0039VLJRK,1175
1800,B0073BPP04,1800
2901,B00J0H4EVU,2901
1988,B008S0KNZG,1988
4363,B01GWFFEU2,4363
4156,B01CITP03W,4156
4162,B01CL1QUCW,4162
2440,B00DLJ0A0C,2440
2048,B009EU5ZM0,2048
1572,B005K091ZU,1572
115,B0000DGAMO,115
4225,B01DZUF35S,4225
1431,B004ZMTJII,1431
4194,B01D83GZ7C,4194
43,B00004YMDG,43
3483,B00UHIFG2C,3483
1706,B006580L96,1706
3805,B0150YLX9C,3805
102,B0000DD0VA,102
4364,B01GXMLBD8,4364
2000,B008XAY4AG,2000
2654,B00FZVKEAU,2654
2569,B00EZ89A54,2569
86,B00006XY3H,86
4277,B01EWGJAS0,4277
1982,B008MI4116,1982
3406,B00S730YWG,3406
1411,B004W7J2DI,1411
1429,B004Z8OA04,1429
387,B000FMUGLQ,387
3004,B00KLEUOUG,3004
299,B000BQL0N4,299
465,B000H9PDCO,465
4047,B01A2CVT1O,4047
2777,B00HSR0TL8,2777
1641,B005V9V00E,1641
1652,B005WX4URE,1652
2316,B00CBKFJ9Y,2316
1124,B002P35Y6U,1124
664,B000QDEQQU,664
1396,B004UUAM3G,1396
2250,B00BL8BNII,2250
394,B000FMWZ5Q,394
2403,B00CZ5DVPY,2403
4148,B01CFJ51X4,4148
2230,B00BCRD9V2,2230
750,B00126FI0I,750
3663,B010CCMXH8,3663
1764,B006UKI5S8,1764
3214,B00N7432II,3214
2137,B00ANRAC3A,2137
254,B000B4GU0Y,254
2555,B00ES3UE9C,2555
3266,B00O2LKEW2,3266
3642,B00ZBG115Q,3642
4202,B01DBJ0VE6,4202
1023,B001THX3M0,1023
3604,B00YDORJXK,3604
3785,B014RZ790C,3785
3109,B00M411692,3109
1500,B0057PUEZO,1500
1129,B002PMSSC8,1129
4178,B01CTNPR62,4178
151,B0002EQU6C,151
3546,B00W8YSCIS,3546
380,B000FIJ7GA,380
2614,B00FGDTRDW,2614
2627,B00FJXYKDQ,2627
1196,B003F76A72,1196
2123,B00AF278A8,2123
1739,B006MWPXSE,1739
3084,B00LUUN40W,3084
2722,B00GWF65WY,2722
2754,B00HDKF5G4,2754
4245,B01EAFRGT8,4245
2752,B00H8TJOU8,2752
3996,B018WR0EL2,3996
4012,B01962MW2G,4012
3479,B00U7CV5NM,3479
1746,B006PPI71S,1746
13,B00002ND4I,13
3892,B016NXK6QK,3892
1588,B005MKGQGA,1588
1961,B008BTYWCY,1961
3579,B00XDTB03G,3579
3640,B00ZB48NZE,3640
4264,B01ELJX2Z0,4264
3501,B00V06VVJW,3501
2733,B00GZ6GK7A,2733
1080,B0029B0NG4,1080
411,B000FW4LC6,411
2056,B009H4AYII,2056
1184,B003D7K8E0,1184
4212,B01DO9ZMQK,4212
2433,B00DGKDOHC,2433
3980,B018GZBC3Y,3980
2346,B00CKK4D3S,2346
3496,B00UWBJM0Q,3496
4256,B01EKEMJ8W,4256
1098,B002BYTCL6,1098
2607,B00FG7BQIM,2607
2585,B00F3ZDZ2W,2585
2151,B00AQNT36S,2151
1899,B007Y7FWXC,1899
526,B000K7GREQ,526
2578,B00F2IQNX8,2578
1499,B0057OC5WK,1499
1836,B007BTPAZ8,1836
1886,B007Q94CZM,1886
3342,B00PXNU586,3342
751,B0012BU8YO,751
3179,B00MV7T25E,3179
217,B0007TYCA8,217
4374,B01H3JH2TC,4374
1349,B004KICAVU,1349
2827,B00IAVMG8U,2827
3021,B00KSKY0XU,3021
108,B0000DD1QQ,108
1856,B007HBNMTG,1856
3771,B0149IG548,3771
1716,B006C3O3Z2,1716
773,B0013AZ4S4,773
4252,B01EKEMA2M,4252
3099,B00M0CS68E,3099
3489,B00UMV7AKK,3489
120,B0000YHN9W,120
3345,B00Q0JZX2K,3345
743,B00111V9NO,743
313,B000BQR55G,313
2212,B00B5KZN92,2212
3765,B0146RKJOY,3765
997,B001PTGBRG,997
524,B000K2IL1I,524
2186,B00AZ9P0PG,2186
10,B00002NC3K,10
300,B000BQMQKU,300
2771,B00HQQ3WWE,2771
3323,B00PKKHC2Y,3323
2232,B00BD5LLN6,2232
2490,B00E5M8E6G,2490
3315,B00PF7EPCM,3315
3171,B00MQ9FZOY,3171
4248,B01EEH677Y,4248
4275,B01ETMVQOI,4275
1449,B0051IB63Q,1449
3272,B00O5D1ARU,3272
356,B000E5QFIW,356
1157,B003083G1O,1157
536,B000KKVWF2,536
2101,B00A3YH074,2101
2475,B00DXPQIFU,2475
1664,B005ZH2YP2,1664
219,B0008FUQ2E,219
3092,B00M0CS1BQ,3092
3368,B00QYX6F5G,3368
1101,B002CTUBM4,1101
2775,B00HSEWYT6,2775
688,B000SZ3RES,688
3913,B017AR5QBS,3913
3444,B00T575H9I,3444
4255,B01EKEMIIS,4255
4381,B01HCQSHNG,4381
818,B00176D49U,818
998,B001PTGBRQ,998
3402,B00S3Q9YZA,3402
3000,B00KJ6BU4K,3000
2357,B00CONYKOI,2357
361,B000EDUTN6,361
908,B001DSZ35K,908
996,B001PTGBR6,996
475,B000HE5DUQ,475
4311,B01FJ7N280,4311
3797,B014VM991I,3797
1818,B0079G39M4,1818
2635,B00FOUYGUQ,2635
1127,B002P5W4RU,1127
4006,B0195UFBUY,4006
3822,B015HFHN0C,3822
1026,B001U7E0P8,1026
305,B000BQO3II,305
1407,B004VODM24,1407
4297,B01F5Z3TRA,4297
4160,B01CL1FCLM,4160
1024,B001TQ2JVC,1024
432,B000H7133O,432
192,B00062N3ZQ,192
1530,B005DLLVWC,1530
775,B0013B1XLA,775
2784,B00HUOZEVY,2784
1534,B005ELWUWG,1534
3143,B00MEZEIOI,3143
3056,B00LH0SX56,3056
4215,B01DPCYIKW,4215
3540,B00W71JDTY,3540
4015,B019781KF4,4015
3322,B00PJ97TEM,3322
56,B00004YZQU,56
1352,B004LGTSQ6,1352
107,B0000DD1PF,107
819,B00178MO58,819
2796,B00HWROO7E,2796
640,B000OVPCX0,640
2450,B00DR98RPG,2450
1853,B007GDXT3O,1853
269,B000BN33FU,269
106,B0000DD1EJ,106
31,B00004WCCL,31
3029,B00KZHP49K,3029
757,B0012NAQX0,757
2533,B00EFCX9OS,2533
2529,B00EE9LKRA,2529
1363,B004N6L9PW,1363
2019,B0094WJIRG,2019
2734,B00GZE3UJ8,2734
2961,B00JQYUEC0,2961
2536,B00EHXKG5A,2536
4359,B01GUIMD9Q,4359
2267,B00BTMWV8W,2267
3729,B01335ZLVG,3729
2664,B00G9IEMJM,2664
2893,B00J0GFBYK,2893
926,B001F7E9VI,926
3696,B01180QKB8,3696
2850,B00IJ674QA,2850
3739,B013K1I1OM,3739
1945,B0087R9NGA,1945
3300,B00OXPE8U6,3300
2379,B00CTJSJQM,2379
2890,B00J06J4UM,2890
2937,B00JIHTIEK,2937
3949,B017REHJB4,3949
3258,B00NX1WBA0,3258
2726,B00GWG7BIK,2726
3356,B00QEXSCE8,3356
2532,B00EF9D2DY,2532
661,B000QC26KE,661
2300,B00C7KGVK4,2300
1323,B004CAN18W,1323
2913,B00J2ARKFC,2913
2580,B00F34UXW8,2580
2744,B00H7VEU0G,2744
2148,B00AQ2AGRY,2148
1085,B002A6AFDY,1085
733,B000ZTEPWU,733
4032,B019IZZKUC,4032
2927,B00JF2KWTI,2927
642,B000P0FPVO,642
3121,B00MBI821I,3121
3588,B00XT683UG,3588
3011,B00KNU8608,3011
2036,B0097QA7OW,2036
1908,B007YBEHIO,1908
2429,B00DEDP866,2429
2277,B00BXUQUBY,2277
877,B001B19FDK,877
158,B0002KX76M,158
3003,B00KKUZ6PY,3003
3007,B00KN2AP6Y,3007
2497,B00E6BD6FU,2497
1321,B004C37VV2,1321
2399,B00CY3SSX2,2399
2688,B00GJRW0DS,2688
4035,B019PZ5MY4,4035
1373,B004PD9ULS,1373
1135,B002TII0JY,1135
776,B0013BKDO8,776
464,B000H9NSKI,464
3512,B00VBI240Y,3512
1667,B005ZX2BUO,1667
60,B00004Z2HC,60
1897,B007Y7E0CQ,1897
4186,B01CX9TBSM,4186
127,B0001AF162,127
51,B00004YYD2,51
2612,B00FG7CKVO,2612
3304,B00OZ5MBM6,3304
852,B0019ZIM0U,852
3694,B0114AERBM,3694
44,B00004YOKC,44
3568,B00X7R1FZ2,3568
1106,B002GQ5AKG,1106
3191,B00MWL948E,3191
889,B001C2E4P2,889
2205,B00B51367M,2205
298,B000BQKDPA,298
3635,B00Z6ISDK0,3635
1883,B007Q2FXY8,1883
2599,B00FDSEOWY,2599
1150,B002XUL09K,1150
922,B001F0I3G2,922
1712,B0069B8Y5M,1712
1293,B0043D27GU,1293
1307,B0046HAATE,1307
4340,B01GAESOWA,4340
3678,B010MZ8SQU,3678
3507,B00V8A6CSU,3507
631,B000OMHJAS,631
1509,B0058TV05M,1509
3715,B0123F01LW,3715
979,B001NI6O4Y,979
2951,B00JPCV62U,2951
2684,B00GIBPAH8,2684
1558,B005H8YMYU,1558
3090,B00LZWCMNK,3090
2565,B00EW7M5S2,2565
2642,B00FX35VQ2,2642
1593,B005N9T036,1593
3889,B016KUGVJC,3889
3225,B00NB3SQJU,3225
4125,B01C2AINJA,4125
3581,B00XH8RQVS,3581
2105,B00A7I5L86,2105
2223,B00B887FX8,2223
2260,B00BPKB0GW,2260
2270,B00BUV7I3K,2270
273,B000BO4ZVU,273
2352,B00CO89BXI,2352
472,B000HDMUDU,472
2345,B00CKG6T9I,2345
1241,B003ULZGFU,1241
2637,B00FQ937NM,2637
3983,B018J40IKU,3983
531,B000KE4PBQ,531
1662,B005Z4RWKM,1662
3830,B015I1D3QS,3830
1131,B002RZC8WE,1131
1567,B005IDQRTW,1567
353,B000DZCZIW,353
1926,B00835RHUK,1926
717,B000VTQM70,717
1978,B008IGQQFG,1978
3884,B016D7668S,3884
2476,B00DXPRTHG,2476
2980,B00K5QVBCU,2980
2861,B00INRZKY8,2861
1612,B005QNBN0W,1612
2095,B00A1SQBAO,2095
383,B000FK9Q64,383
1528,B005DJJGSK,1528
2334,B00CHEZ250,2334
1398,B004UZ3DI2,1398
972,B001LQTF58,972
2584,B00F3Y1AUC,2584
2854,B00IL6E1RS,2854
3531,B00VZG1LPG,3531
3730,B0134B4JNA,3730
2546,B00EP0T1HY,2546
2810,B00I51SJOA,2810
3394,B00RWX7EAW,3394
1384,B004TSUA6S,1384
1748,B006R9O3HE,1748
4372,B01H3JGSUQ,4372
1564,B005HY990G,1564
1188,B003E48ETS,1188
3205,B00N41EYJA,3205
741,B0010VOJHS,741
3365,B00QSSHFCO,3365
3591,B00XX8X4Q8,3591
502,B000ILG0TQ,502
3400,B00S1ULSY8,3400
4262,B01EKEMUIG,4262
4290,B01F2LG3JS,4290
4217,B01DRVM3MG,4217
426,B000H5QGYW,426
3933,B017LU6USW,3933
558,B000LNKDG2,558
1177,B003A6AW5O,1177
2662,B00G9BY4OW,2662
3916,B017EOLG9S,3916
1073,B0026L0WOA,1073
20,B00004RHKU,20
1975,B008IBOG7G,1975
3881,B016C8KSMS,3881
3906,B0176J6HQS,3906
3275,B00O9JNY9W,3275
205,B0006IX85K,205
343,B000CONJUM,343
3040,B00L4UXQ42,3040
4053,B01A7L549S,4053
152,B0002FSBMC,152
2397,B00CX7M1PU,2397
3900,B016XGZC3E,3900
1308,B0046HAAVW,1308
3461,B00THZKC8Y,3461
829,B0018KVG9K,829
3268,B00O2O5SS4,3268
4312,B01FJ97E6Y,4312
2708,B00GS8VGP6,2708
1176,B003A4VA3E,1176
390,B000FMWLR8,390
1182,B003CP12O8,1182
822,B0017DETBA,822
2298,B00C6MKV1S,2298
3928,B017JCM1WG,3928
639,B000OVHWLK,639
1586,B005MGFYH6,1586
190,B00042K694,190
1460,B00524H98U,1460
2200,B00B2YRL8C,2200
1521,B005B8LZ14,1521
302,B000BQN6W2,302
2005,B008YP1D04,2005
973,B001LTTNOI,973
1844,B007DDGYF2,1844
1915,B0081CSFUQ,1915
3969,B018630J80,3969
2480,B00DYKTS9C,2480
780,B0013E2AQY,780
3095,B00M0CS3B4,3095
4298,B01F60XIYI,4298
2530,B00EEIFR16,2530
3939,B017N4U2WQ,3939
101,B0000DD0KF,101
522,B000K1LZ76,522
1000,B001PZ98RU,1000
207,B0006O1ICE,207
3970,B0186FW2OM,3970
2697,B00GN5F92A,2697
1360,B004MDM94Q,1360
2132,B00AKMNNX4,2132
534,B000KKVKMC,534
344,B000CSIBCE,344
1464,B0052P2GIC,1464
2843,B00IG34VFS,2843
656,B000PSDID8,656
3349,B00Q4MLPEI,3349
4353,B01GN9E1QA,4353
1195,B003EYVE9K,1195
3627,B00YSZ5LA2,3627
2279,B00BY4M7AW,2279
222,B0008GCV76,222
2844,B00IG46NL2,2844
59,B00004Z2H4,59
3601,B00YAR86BY,3601
2411,B00D68E2IE,2411
2714,B00GTW1BMO,2714
3923,B017GXU0IK,3923
1640,B005V9UYY2,1640
1042,B001XUMBIA,1042
1020,B001T4K1O6,1020
4352,B01GL143FY,4352
491,B000I24HBS,491
3298,B00OUFX38W,3298
198,B00063KZBA,198
2419,B00DCAIM28,2419
3845,B015OTPK2Y,3845
4155,B01CGVJ9QG,4155
1451,B0051IB8R0,1451
2478,B00DYA21PU,2478
4038,B019RQ5EYE,4038
3978,B018FNDPVY,3978
2319,B00CBWNUR0,2319
4266,B01EN5B7U4,4266
3925,B017IEN34U,3925
1874,B007OXK272,1874
4341,B01GB7J8C6,4341
1559,B005HE0S4C,1559
3499,B00UZEE5FW,3499
967,B001L2UA3I,967
1674,B0062O6K3Y,1674
4050,B01A6ORBGA,4050
4296,B01F47B8AO,4296
2892,B00J0EE1D4,2892
2434,B00DGW346G,2434
2515,B00E8JTEEM,2515
3181,B00MVAA1KQ,3181
1860,B007JOJ9QQ,1860
1362,B004MYFP8W,1362
624,B000O65W9Y,624
3972,B0188G31AS,3972
890,B001C5I4BO,890
439,B000H9FX5G,439
3888,B016HJ0O7Q,3888
1084,B002A615DS,1084
4183,B01CX8HBN0,4183
2390,B00CW75V9E,2390
1719,B006EGAIJ2,1719
4065,B01AHK8WUW,4065
490,B000I1TFCK,490
2079,B009S25R2W,2079
1350,B004KT4POY,1350
1047,B00207SAEY,1047
2577,B00F05UI8O,2577
1060,B0024JF3PW,1060
166,B0002QZ4XK,166
4351,B01GJL0BOI,4351
4116,B01BXDTSXW,4116
3420,B00SMDP72S,3420
1220,B003KTLRUA,1220
1120,B002NRQLBA,1120
161,B0002Q8TMS,161
3165,B00MN5X2YG,3165
3152,B00MIK00CI,3152
645,B000P4LL72,645
2348,B00CL6FDAS,2348
128,B0001CUMXM,128
3887,B016FCK6BE,3887
1665,B005ZH31W2,1665
3553,B00WG2K3O8,3553
844,B0019J1UOQ,844
3478,B00U5OFXB2,3478
517,B000JHADQA,517
1009,B001QRZ31C,1009
1010,B001QRZ38U,1010
2779,B00HTV1TXA,2779
1964,B008D3O3F4,1964
4259,B01EKEMNRO,4259
4239,B01E8LPNGC,4239
1068,B00260TWII,1068
3987,B018MG4SGK,3987
1230,B003OF616U,1230
3251,B00NQ6UJAQ,3251
193,B00062N40A,193
1424,B004Y3QHZ6,1424
4123,B01C26ZBMG,4123
790,B0013RVDG4,790
2730,B00GYSFOM6,2730
2418,B00DCAIHI2,2418
3585,B00XJH2M02,3585
2819,B00I5WAPYG,2819
2823,B00I9CT43U,2823
1453,B0051IBDKW,1453
1387,B004U3U3DC,1387
3676,B010MSTVZO,3676
2425,B00DCGWYKI,2425
2731,B00GYT5WL8,2731
1061,B0024NKHL8,1061
737,B00106ETT6,737
1421,B004XR5VMI,1421
3189,B00MVXL116,3189
2365,B00CQOM1IC,2365
3644,B00ZHS7ULW,3644
3377,B00R5E5RIE,3377
1340,B004H40AS2,1340
3706,B011KVYLUW,3706
3662,B010BY29A8,3662
1805,B0075E7ZCA,1805
3606,B00YFG1U9U,3606
978,B001NDNV18,978
659,B000Q74GV6,659
3556,B00WLK4Z4Y,3556
2066,B009OJFRRE,2066
4348,B01GDO9OZ8,4348
1410,B004W6U58U,1410
2997,B00KHTPBVM,2997
552,B000LFVFA8,552
2443,B00DMI62HM,2443
2002,B008YD68NI,2002
3344,B00PZY58CG,3344
2567,B00EXLRW5S,2567
3364,B00QSA77NE,3364
3284,B00ODSRGVG,3284
3718,B012938E76,3718
4100,B01BIHMD5S,4100
200,B00065V0L2,200
2605,B00FFYEPVQ,2605
3360,B00QQ5Q3BI,3360
3295,B00OOQC2E8,3295
3948,B017REHJA0,3948
1413,B004WN6YII,1413
1433,B004ZWFOEQ,1433
1536,B005F5OJG6,1536
1904,B007Y7IFA4,1904
3187,B00MVIQ81E,3187
1894,B007XIMYXS,1894
1611,B005QJCRAG,1611
410,B000FW43FQ,410
3354,B00QBKTHXO,3354
1852,B007GDXA60,1852
167,B0002T6L5M,167
4224,B01DZ5NVBQ,4224
1819,B0079JTU1K,1819
2157,B00ARTP1J4,2157
3527,B00VTVWJOE,3527
577,B000MFDGVI,577
3638,B00ZB48IZE,3638
1158,B003119EDE,1158
1183,B003CP12Y8,1183
2470,B00DVOVJTS,2470
388,B000FMW7KY,388
3746,B013QBXPG0,3746
2802,B00I0VWC4I,2802
2020,B009558CL0,2020
523,B000K2HO1Q,523
1541,B005FOOVLA,1541
1436,B0050GW7KU,1436
3248,B00NPBUWRC,3248
3418,B00SKU4QFC,3418
1791,B0070PX7E4,1791
4039,B019SWLTWI,4039
798,B0014DZ4VW,798
3691,B010Y25QZ2,3691
4165,B01CNGUW4M,4165
559,B000LNOJYY,559
172,B0002YQBU2,172
3920,B017EOLGVQ,3920
3952,B017XGEDOM,3952
3212,B00N51OU0W,3212
1169,B00385PJHS,1169
2044,B009E0E9ZO,2044
2871,B00IRLJTGA,2871
2271,B00BUV7L96,2271
2975,B00K2DQV1M,2975
2750,B00H8NUVRO,2750
494,B000I639B8,494
1236,B003TEH2MS,1236
716,B000VS6FWI,716
3749,B013S2BAHI,3749
1649,B005W17HL2,1649
1208,B003GXF5EO,1208
861,B001AEDI0E,861
2832,B00ICM8ATG,2832
3218,B00N9OU6J4,3218
1859,B007IW07PQ,1859
2171,B00AU6Y86Q,2171
2412,B00D7BJ6MW,2412
602,B000NG622Q,602
3454,B00TDLKE6W,3454
599,B000NDGV1G,599
4292,B01F2LGF5U,4292
3842,B015NDAKE4,3842
1512,B0058TX72G,1512
868,B001AVUAVC,868
4206,B01DDI9N26,4206
1155,B002YPHSIG,1155
3044,B00LAJNGQK,3044
97,B0000CBJI6,97
3918,B017EOLGCK,3918
2248,B00BKVPU08,2248
1839,B007CL8ERG,1839
2224,B00B888XCK,2224
1959,B008BK74EG,1959
3107,B00M3TQ54G,3107
1990,B008SYWRB0,1990
2451,B00DRALJ28,2451
3430,B00STB0EW6,3430
55,B00004YZQQ,55
4200,B01D8M32LU,4200
803,B0015HKVTM,803
2483,B00E0NXTJW,2483
687,B000SR134C,687
1071,B0026GZU0Q,1071
2118,B00ACIWN9Q,2118
169,B0002UEPVI,169
3656,B0105G3HVW,3656
4066,B01AHRR7ME,4066
2737,B00H1V4EB2,2737
3176,B00MUCQ4EM,3176
369,B000F4SP30,369
2375,B00CS5OV0U,2375
3966,B0185SOLJO,3966
2347,B00CL588O2,2347
2165,B00AU6Y0SM,2165
1041,B001WAKI2W,1041
2761,B00HFQPUA2,2761
936,B001GAD5G4,936
785,B0013HO2XK,785
3769,B0148M7P4O,3769
3059,B00LHZZG8S,3059
2057,B009HCSSQK,2057
715,B000VLY7UM,715
1266,B003ZZS680,1266
3348,B00Q4MJ5AE,3348
261,B000BD69Y2,261
4293,B01F2U8IFG,4293
2197,B00B1M37MY,2197
625,B000O8ARTC,625
2373,B00CRX7BI2,2373
1391,B004UE9RPQ,1391
758,B0012TYTH8,758
3867,B0166FFCHS,3867
3378,B00R6SOXLG,3378
1034,B001VXY3F8,1034
4218,B01DS5G05C,4218
3102,B00M0CS8N2,3102
3703,B011BNVPM6,3703
195,B00062N4J6,195
274,B000BO59M4,274
1697,B0064OKYFC,1697
2547,B00EPH63X2,2547
2159,B00ATH0KEA,2159
3856,B015YKJCHM,3856
814,B001768788,814
3999,B018XBWGHC,3999
3217,B00N8K6NX2,3217
2667,B00G9R0ANU,2667
679,B000S13ORW,679
2767,B00HNDHEKG,2767
2460,B00DUYSWXK,2460
4185,B01CX9MOK4,4185
3817,B015D0B3B6,3817
1666,B005ZQ47AS,1666
925,B001F51Q20,925
1320,B004C12Q46,1320
873,B001AZKS4W,873
1880,B007POCIM2,1880
1481,B0053UIZ2M,1481
2185,B00AYHS7ZY,2185
3226,B00NB3SSJ8,3226
3139,B00MEZDRPO,3139
1935,B00843IV06,1935
1557,B005H8MWOW,1557
3807,B0152LYY0I,3807
2589,B00F5PNISQ,2589
2979,B00K504M8G,2979
2266,B00BSXAIJG,2266
2652,B00FZPEWI6,2652
3055,B00LH0SEY6,3055
2239,B00BGBOJZO,2239
3809,B0155Y22J2,3809
2926,B00JEWFJJC,2926
2857,B00IMVFDP6,2857
3203,B00N41770S,3203
3545,B00W8YJ9SA,3545
1761,B006U1LTDU,1761
2598,B00FDOHMHM,2598
2877,B00IW7MJA2,2877
1165,B0036FQ3FW,1165
2903,B00J0H8EWA,2903
4109,B01BRIPPSK,4109
3831,B015I1D5AW,3831
1298,B0044F59N0,1298
4301,B01F82BMI8,4301
2594,B00FB1L46M,2594
952,B001HWGML6,952
947,B001HT720O,947
2766,B00HLSR0O8,2766
1170,B0038O8LVU,1170
1519,B005AXF930,1519
668,B000R6RLAY,668
3791,B014VD5K7Y,3791
2523,B00ED2EZCK,2523
1518,B005AWYEO6,1518
4195,B01D83H10W,4195
3495,B00UVNYUUC,3495
1569,B005JDSNRA,1569
3778,B014KT3IT6,3778
2837,B00IDJ885O,2837
4214,B01DOTB0XE,4214
2595,B00FBOMD00,2595
802,B0015GA102,802
1867,B007L4AOZY,1867
223,B0008GK25E,223
3850,B015VOMD5E,3850
2686,B00GIBWMII,2686
2479,B00DYAFITG,2479
1021,B001T4KRHC,1021
209,B0006O3TNK,209
2126,B00AGK8WUY,2126
3131,B00ME7FA7U,3131
1203,B003GSL3MC,1203
3660,B01092XXD4,3660
3257,B00NVHA9PU,3257
2276,B00BXUCWQG,2276
2149,B00AQ2BZZQ,2149
296,B000BQ85NC,296
4314,B01FJGPMQQ,4314
4354,B01GNAGJI2,4354
648,B000PCEUW2,648
1202,B003GSL1V0,1202
3799,B014VM9ALM,3799
3151,B00MIBRFTI,3151
3598,B00Y2PTK0U,3598
1130,B002RMFTLE,1130
3074,B00LORGJ1C,3074
1702,B00657P0MA,1702
832,B0018OL4A2,832
2035,B00975PXHE,2035
3396,B00S0635DU,3396
3767,B0146ZCE1M,3767
238,B0009S9XOM,238
381,B000FK5DFC,381
3506,B00V66YJQI,3506
3551,B00WEU92JO,3551
2847,B00II1QY9Y,2847
3094,B00M0CS2DS,3094
2093,B00A1BO6SA,2093
4091,B01BD80NLS,4091
3310,B00P1RU8PY,3310
1339,B004FBKLZE,1339
478,B000HHQ7SK,478
1143,B002V3CHKA,1143
3142,B00MEZEFVO,3142
2633,B00FNDII26,2633
508,B000IYKL34,508
2573,B00EZBGUMC,2573
3244,B00NN5ABG2,3244
50,B00004YYD0,50
788,B0013J62P4,788
301,B000BQMRU4,301
2299,B00C78AERW,2299
3369,B00QZ67T3O,3369
3141,B00MEZEEJ2,3141
11,B00002ND44,11
1911,B007ZYXPJM,1911
168,B0002UEONM,168
570,B000M0DMEO,570
3173,B00MQSCZF2,3173
3692,B0111ZSS2O,3692
454,B000H9L3AU,454
4071,B01ALI1GDK,4071
1524,B005C8AYG0,1524
2330,B00CFDS3JA,2330
1532,B005DPFJJO,1532
1642,B005V9V27K,1642
30,B00004UDN8,30
266,B000BKO6DG,266
3428,B00SSXAET8,3428
2387,B00CVZ4B2U,2387
2618,B00FHAEBIA,2618
2069,B009OJIH7G,2069
1813,B0077RAUTA,1813
2304,B00C7Z9AE8,2304
2209,B00B515DNC,2209
3395,B00RXCD5DM,3395
392,B000FMWVDC,392
236,B0009PU9CK,236
518,B000JJPA66,518
916,B001EHAZGW,916
2301,B00C7SCRY0,2301
2694,B00GMYH4KW,2694
906,B001DDWQ4Q,906
2376,B00CSKFT6A,2376
1703,B00657VOJS,1703
891,B001CDTZYQ,891
3871,B0166I5W20,3871
2680,B00GI1ERLI,2680
3820,B015FK1EH2,3820
4265,B01EMI1MKW,4265
537,B000KKVWL6,537
855,B0019ZWCLA,855
3288,B00OHUW7ZU,3288
1058,B0023EY002,1058
4002,B018Y7NJ08,4002
4313,B01FJ9LUO6,4313
1510,B0058TX6CW,1510
3123,B00ME74ZJY,3123
897,B001CTCHDG,897
1934,B008420WOA,1934
746,B0011X2GOI,746
95,B0000CBIPV,95
976,B001N7PX6K,976
2807,B00I4E4HPI,2807
2064,B009KAEP7A,2064
2706,B00GQNNVH4,2706
363,B000EIO86A,363
837,B00191BW4C,837
145,B0002BBV46,145
1276,B003ZZY9WC,1276
457,B000H9M3TK,457
2611,B00FG7C5BE,2611
2936,B00JHMRH2Q,2936
3988,B018NQ77HG,3988
3905,B0176J6CCM,3905
437,B000H9FWVG,437
3583,B00XI3OLW4,3583
1383,B004TGJU2A,1383
3459,B00THZJNTI,3459
1055,B0021UMTZQ,1055
628,B000OM9J2O,628
